GCAMRegion,Country,Country Code,MitigationCost_Efficiency2030 (2022millionUS$),MitigationCost_Efficiency2050 (2022millionUS$),MitigationCost_Efficiency2100 (2022millionUS$),MitigationCost_Equity2030 (2022millionUS$),MitigationCost_Equity2050 (2022millionUS$),MitigationCost_Equity2100 (2022millionUS$),GDP2030 (2022millionUS$),GDP2050 (2022millionUS$),GDP2100 (2022millionUS$),deaths_REF2020,deaths_REF2030,deaths_REF2050,deaths_REF2100,deaths_Efficiency2030,deaths_Efficiency2050,deaths_Efficiency2100,deaths_Equity2030,deaths_Equity2050,deaths_Equity2100,deaths_upper_REF2020,deaths_upper_REF2030,deaths_upper_REF2050,deaths_upper_REF2100,deaths_upper_Efficiency2030,deaths_upper_Efficiency2050,deaths_upper_Efficiency2100,deaths_upper_Equity2030,deaths_upper_Equity2050,deaths_upper_Equity2100,deaths_lower_REF2020,deaths_lower_REF2030,deaths_lower_REF2050,deaths_lower_REF2100,deaths_lower_Efficiency2030,deaths_lower_Efficiency2050,deaths_lower_Efficiency2100,deaths_lower_Equity2030,deaths_lower_Equity2050,deaths_lower_Equity2100,Pop2020(million),Pop2030(million),Pop2050(million),Pop2100(million),Country Income Classification,Country Income Classification.2
Africa_Eastern,Burundi,BDI,8,186,3881,0,0,1281,6047,18839,167514,3911,8444,23618,14746,7640,15248,7752,7749,16717,8030,5109,10931,30174,19313,9903,19545,10260,10043,21427,10627,2586,5673,16227,9488,5149,10625,5056,5220,11611,5232,10.892053801763863,13.085823707944787,16.810184008020926,18.91791286100982,Low,Low
Africa_Eastern,Comoros,COM,3,69,1444,0,0,477,2250,7011,62341,0,0,0,0,0,0,0,0,0,0,0,0,0,0,0,0,0,0,0,0,0,0,0,0,0,0,0,0,0,0,0.9010720530055757,1.0483259538842196,1.2868763263195317,1.4124133281564752,Lower_Middle,Middle
Africa_Eastern,Djibouti,DJI,8,205,4271,0,0,1410,6655,20733,184351,223,284,363,178,267,316,149,274,322,150,287,361,464,238,339,404,200,348,411,200,153,202,255,114,190,224,96,195,228,96,1.0446004478125805,1.1817452064353917,1.3778034193060331,1.3949705211690198,Lower_Middle,Middle
Africa_Eastern,Ethiopia,ETH,285,7090,147631,1,12,48734,230012,716608,6371981,15129,22400,33846,21122,20926,27819,15018,21293,29155,15563,19862,29027,43724,28253,27108,35907,20072,27586,37639,20802,10123,15413,23476,13668,14432,19401,9800,14677,20308,10147,103.02141057538952,123.97137834947178,158.82881589733006,191.00647736151748,Low,Low
Africa_Eastern,Kenya,KEN,254,6309,131356,1,11,43362,204657,637612,5669558,1691,2553,4639,2832,1955,1589,500,2188,2579,686,2234,3367,6097,3898,2573,2075,684,2883,3376,938,1138,1722,3142,1726,1327,1098,315,1481,1771,431,50.65755137148987,60.59331379053682,78.05562234008323,95.54058128579948,Lower_Middle,Middle
Africa_Eastern,Madagascar,MDG,34,854,17788,0,1,5872,27715,86346,767774,623,1852,8761,69156,924,0,0,1199,1210,0,827,2450,11550,93363,1220,0,0,1584,1587,0,420,1249,5932,44542,627,0,0,812,832,0,26.86854626041524,33.269899375118875,45.11148176009386,59.053891009054794,Low,Low
Africa_Eastern,Mauritius,MUS,29,722,15028,0,1,4961,23414,72947,648637,13,86,201,78,0,0,0,35,0,0,17,111,261,105,0,0,0,45,0,0,10,61,139,52,0,0,0,25,0,0,1.3665424828965722,1.4260490062378446,1.46938955223966,1.302340650163186,Upper_Middle,Middle
Africa_Eastern,Rwanda,RWA,30,743,15479,0,1,5110,24117,75138,668113,3508,4364,6555,4011,4057,4912,2554,4103,5320,2694,4647,5749,8604,5353,5370,6537,3489,5427,7057,3672,2116,2684,4093,2393,2490,3057,1507,2518,3311,1590,13.749409162464467,16.826639383713957,22.95334724954101,30.88425177236819,Low,Low
Africa_Eastern,Somalia,SOM,23,582,12112,0,1,3998,18871,58793,522780,2397,4219,6587,1851,4026,5916,1636,4112,6062,1648,3112,5414,8414,2422,5164,7553,2140,5277,7740,2156,1650,2969,4676,1256,2838,4213,1114,2897,4314,1122,11.234552046434155,13.184417992566926,16.162462682953073,19.228836637055355,Low,Low
Africa_Eastern,Sudan,SDN,116,2884,60060,1,5,19826,93575,291534,2592286,34000,44509,65476,31742,43484,62123,29375,43840,62563,29423,41837,54639,81025,41104,53397,76926,38093,53828,77465,38155,25147,33127,48015,21279,32382,45612,19719,32641,45928,19751,54.18525382124855,64.51155106987719,81.62512733357714,91.59299107794035,Low,Low
Africa_Eastern,Uganda,UGA,102,2544,52967,0,4,17485,82524,257106,2286153,7103,11208,23373,34037,10069,14679,14972,10321,16826,16110,9459,14737,30340,45082,13249,19087,20061,13578,21885,21587,4551,7359,15662,21450,6637,10003,9610,6797,11406,10317,45.46132046317522,59.96103067793003,93.25335106758595,155.66087869961112,Low,Low
Africa_Northern,Algeria,DZA,923,9595,61530,72,1835,48841,425383,864811,2483902,17516,21885,35994,23348,21781,35605,22927,21792,35618,22934,21549,27309,45551,29749,27183,45074,29230,27196,45090,29239,12804,15524,24830,16012,15450,24563,15723,15458,24572,15728,40.527618927806,44.518553361033774,49.52488385078972,45.60074471260761,Upper_Middle,Middle
Africa_Northern,Libya,LBY,228,2375,15230,18,454,12089,105289,214055,614807,3358,4229,6464,11944,4179,6323,11643,4184,6320,11640,4133,5227,8193,15175,5167,8018,14800,5173,8014,14796,2475,3096,4498,8356,3061,4401,8149,3064,4398,8147,7.461467459671386,8.304549168904225,9.702654365490313,9.783121929385423,Upper_Middle,Middle
Africa_Northern,Morocco,MAR,535,5561,35666,42,1064,28310,246571,501284,1439784,23662,25336,25888,7572,25184,25561,7427,25241,25588,7430,28794,31298,32364,9636,31115,31968,9456,31184,31999,9461,17700,18368,18354,5222,18259,18125,5122,18300,18143,5125,34.60052389046992,36.36671508001534,37.076364168489356,30.878879750305437,Lower_Middle,Middle
Africa_Northern,Tunisia,TUN,182,1893,12137,14,362,9634,83909,170589,489963,5033,5258,5660,2680,5169,5451,2526,5181,5452,2526,6274,6670,7223,3453,6559,6960,3257,6574,6961,3257,3647,3674,3921,1834,3613,3778,1731,3621,3779,1731,11.474561856864177,12.20556645279158,12.742657987393574,10.644597971169079,Lower_Middle,Middle
Central America and Caribbean,Bahamas,BHS,25,374,3287,3,57,2584,22387,41512,133019,0,0,0,0,0,0,0,0,0,0,0,0,0,0,0,0,0,0,0,0,0,0,0,0,0,0,0,0,0,0,0.38731225418432413,0.425809766263101,0.4783946389674577,0.46171173538115395,High,High
Africa_Southern,Angola,AGO,257,5816,121757,3,162,75104,204316,525629,4340434,5999,7379,10869,8315,7246,10316,7530,7296,10529,7612,7894,9680,14208,11175,9510,13503,10151,9575,13775,10258,3843,4767,7092,5083,4682,6736,4604,4715,6873,4654,25.239158492791116,31.855157392716745,43.9761559431367,56.89192037724557,Lower_Middle,Middle
Africa_Southern,Botswana,BWA,50,1137,23792,1,32,14676,39924,102710,848136,123,162,174,30,110,71,10,137,98,10,164,219,231,41,149,94,13,185,129,15,82,104,115,18,71,48,6,88,66,6,2.2418432149362184,2.4281480463165055,2.735755316588843,2.762367741104997,Upper_Middle,Middle
Africa_Southern,Lesotho,LSO,6,128,2680,0,4,1653,4498,11571,95546,647,816,1346,1864,652,538,512,716,589,526,870,1092,1767,2582,871,700,707,958,768,726,412,525,906,1119,423,373,316,463,408,324,2.3692256058305805,2.5206732052075798,2.666453253862334,2.4454703127711523,Lower_Middle,Middle
Africa_Southern,Malawi,MWI,32,734,15371,0,20,9482,25794,66358,547957,2776,4131,7733,13647,3982,6799,10633,3979,7071,10999,3662,5379,9869,17984,5184,8669,14002,5180,9018,14486,1841,2813,5481,9045,2715,4842,7106,2714,5028,7343,20.019576446314534,26.22770110286601,40.54103339800386,66.73126983743684,Low,Low
Africa_Southern,Mozambique,MOZ,46,1029,21550,1,29,13293,36162,93030,768208,2274,3787,7407,3902,3512,6070,2983,3607,6379,3052,3005,4974,9647,5209,4611,7893,3977,4736,8299,4069,1524,2569,5106,2558,2388,4206,1969,2450,4415,2013,28.638302987510297,33.80149266137681,42.293138489448275,50.19410134167333,Low,Low
Africa_Southern,Tanzania,TZA,187,4238,88707,2,118,54718,148856,382951,3162255,6124,9367,18920,26599,8486,13660,15786,8755,15500,16767,8067,12161,24344,35627,11008,17536,21136,11360,19917,22455,4102,6447,13205,16947,5861,9637,10228,6040,10893,10844,58.36208112738065,73.02622878073561,102.25393550971786,143.78737234608266,Lower_Middle,Middle
Africa_Southern,Zambia,ZMB,72,1631,34143,1,45,21061,57295,147397,1217149,3519,4630,6805,3640,4465,6098,2964,4509,6354,3028,4643,6015,8730,4903,5802,7823,4003,5859,8152,4088,2303,3130,4719,2267,3023,4247,1856,3051,4418,1894,16.96830903893932,21.367767593080927,30.104185266538305,43.43290162305901,Lower_Middle,Middle
Africa_Southern,Zimbabwe,ZWE,68,1531,32039,1,42,19763,53764,138314,1142144,2226,2609,2457,277,2388,1949,198,2457,2086,205,2949,3447,3100,383,3153,2454,274,3245,2628,282,1471,1734,1790,168,1590,1429,121,1635,1526,125,13.075044926052243,13.326965734465622,13.123511604979136,11.481153057273481,Lower_Middle,Middle
Africa_Western,Benin,BEN,32,648,16374,0,13,12446,39453,123769,1045465,5030,6661,11516,13730,6615,11035,12449,6590,11102,12511,6566,8651,14966,18230,8596,14369,16606,8565,14452,16685,3113,4240,7427,8453,4210,7115,7654,4193,7158,7692,11.51382000299963,14.253562800526481,19.213739008299655,24.385282569538287,Lower_Middle,Middle
Africa_Western,Burkina Faso,BFA,35,700,17685,0,14,13442,42611,133676,1129148,9456,12974,24336,34018,12891,23523,32082,12857,23591,32122,12169,16479,30928,44257,16379,29932,41826,16338,30016,41876,6080,8746,16564,22070,8689,16014,20818,8666,16061,20843,21.566602144219786,27.29089543529061,38.60184938153459,55.32461544117213,Low,Low
Africa_Western,Cameroon,CMR,81,1622,41011,0,31,31173,98816,309995,2618493,10748,14004,19380,8311,13832,18324,7356,13832,18483,7373,14166,18364,25383,11194,18149,24055,9970,18150,24255,9991,6685,8889,12425,4961,8779,11749,4379,8779,11851,4389,23.65448885446638,27.315490225829723,33.155573116931336,35.92472780014531,Lower_Middle,Middle
Africa_Western,Central African Republic,CAF,4,89,2239,0,2,1702,5395,16923,142949,3210,5399,11065,17703,5322,10584,16523,5344,10685,16569,4172,6933,14072,23230,6835,13464,21702,6863,13592,21762,2133,3697,7748,11563,3646,7422,10811,3660,7491,10841,5.2585287993710095,6.097162557064358,7.413894922747123,7.885902808774459,Low,Low
Africa_Western,Chad,TCD,23,461,11649,0,9,8854,28068,88052,743766,10097,12453,19430,14663,12383,19183,14421,12399,19203,14424,12946,15963,24821,19191,15881,24523,18891,15899,24547,18895,6296,7951,12857,9233,7904,12691,9077,7915,12704,9080,14.53216054181212,18.254623334758243,25.238420237456616,34.19728365366556,Low,Low
Africa_Western,Congo,COG,29,588,14863,0,11,11297,35812,112345,948967,1297,1809,3148,2529,1752,2791,2001,1770,2903,2018,1699,2354,4126,3439,2280,3662,2734,2304,3807,2757,859,1217,2078,1525,1180,1849,1210,1191,1921,1220,5.077470424973475,6.080040592740588,7.823332531365192,9.152864811776233,Lower_Middle,Middle
Africa_Western,Equatorial Guinea,GNQ,25,501,12673,0,10,9633,30536,95794,809161,96,137,158,84,134,141,64,134,144,64,128,184,214,117,180,190,89,180,194,89,63,88,99,49,86,88,37,86,90,37,0.9010791244584351,1.0972546383004564,1.4429445208967293,1.773676976069241,Upper_Middle,Middle
Africa_Western,Gabon,GAB,39,783,19801,0,15,15051,47709,149668,1264231,266,353,476,243,341,412,181,344,429,183,348,465,630,333,448,545,249,453,567,251,181,236,314,147,227,273,111,230,284,112,1.7594568300968225,1.981841286586314,2.2875280525660946,2.3043497004414775,Upper_Middle,Middle
Africa_Western,Cote d���,CIV,131,2609,65940,1,50,50121,158881,498426,4210145,12169,17387,22513,8218,17144,20735,7013,17078,20939,7044,15826,22423,28829,10983,22115,26581,9409,22032,26840,9450,8034,11733,15465,5128,11573,14278,4386,11530,14415,4405,23.152148745489143,26.1794583164888,30.619321340117303,32.65481997958612,Lower_Middle,Middle
Africa_Western,Ghana,GHA,138,2761,69784,1,53,53043,168142,527478,4455545,13756,18482,29408,30132,18217,27462,25901,18238,27801,26025,17999,24062,38431,40100,23733,35988,34740,23759,36416,34898,8761,11962,18906,18433,11790,17658,15798,11804,17875,15874,30.16143374685573,35.93140396646532,46.376231423164676,57.59733386402262,Lower_Middle,Middle
Africa_Western,Guinea,GIN,39,781,19733,0,15,14999,47545,149153,1259881,6752,9300,10561,2342,9185,9978,2130,9184,10046,2134,8783,12017,13632,3128,11873,12897,2854,11871,12982,2860,4387,6186,7070,1452,6111,6688,1321,6110,6732,1323,11.778123606621934,13.355545896556945,15.479771718449337,16.57595661425787,Lower_Middle,Middle
Africa_Western,Guinea-Bissau,GNB,3,64,1611,0,1,1224,3881,12175,102844,883,1170,1560,495,1151,1465,445,1155,1477,446,1147,1520,2011,651,1496,1890,586,1501,1906,587,583,775,1054,321,762,991,289,765,1000,290,1.8112080213916188,2.074457519099936,2.4884374205896025,2.648580386701417,Low,Low
Africa_Western,Liberia,LBR,7,149,3760,0,3,2858,9059,28419,240049,1471,3116,10946,29512,3068,10135,25818,3065,10238,25903,1895,3937,13812,38574,3877,12793,33805,3874,12923,33914,995,2205,7783,19467,2173,7224,17082,2171,7295,17137,5.751968711994939,7.585341767209438,11.093544159260183,14.85959365317797,Low,Low
Africa_Western,Mali,MLI,35,698,17647,0,13,13414,42521,133393,1126754,7742,11139,23795,30335,11099,23493,29709,11097,23516,29718,10052,14394,30914,40510,14346,30539,39714,14343,30567,39725,4845,7207,15382,18423,7181,15187,18039,7180,15202,18044,20.34408930676557,25.780815001911378,35.910201167956856,48.14058981669806,Low,Low
Africa_Western,Mauritania,MRT,18,362,9156,0,7,6960,22062,69210,584609,1771,2253,2825,879,2248,2808,870,2249,2809,870,2229,2829,3582,1144,2824,3562,1133,2824,3563,1133,1183,1531,1890,555,1528,1878,549,1528,1879,549,4.26942723439638,5.0263678507334175,6.271098329901496,7.322345548204949,Lower_Middle,Middle
Africa_Western,Niger,NER,29,574,14503,0,11,11024,34944,109624,925978,12914,18205,40142,93034,18138,39747,91494,18143,39765,91511,16587,23371,51681,121766,23293,51201,119854,23298,51223,119874,7965,11589,26052,58594,11544,25792,57614,11547,25803,57625,21.816136409888777,29.81621452914459,50.94335866776267,97.90643724627589,Low,Low
Africa_Western,Nigeria,NGA,881,17584,444469,5,339,337842,1070935,3359623,28378361,87534,100590,150114,118042,99978,142852,103589,99423,143707,103929,112584,129228,193063,155295,128512,184317,137545,127862,185350,137967,53897,63410,96768,72173,62997,91939,62920,62622,92505,63135,201.5290703717919,252.7241735907047,371.69500001795836,582.3800292048128,Lower_Middle,Middle
Africa_Western,Sao Tome and Principe,STP,1,20,510,0,0,388,1229,3855,32559,41,41,37,8,40,34,7,40,35,7,54,55,49,12,54,46,9,54,47,10,26,26,23,5,26,22,4,26,22,4,0.18480031156427748,0.19926397140139204,0.21123231403293524,0.20075134410868764,Lower_Middle,Middle
Africa_Western,Senegal,SEN,51,1027,25953,0,20,19727,62534,196176,1657073,4542,6104,10051,5328,6063,9793,5092,6068,9822,5096,5839,7761,12878,7088,7711,12556,6785,7717,12592,6790,3017,4191,6816,3328,4164,6644,3181,4167,6664,3183,15.651291275135259,18.790814287116394,24.25197378888383,31.150013740819276,Lower_Middle,Middle
Africa_Western,Sierra Leone,SLE,8,152,3848,0,3,2925,9271,29083,245660,2440,3567,6813,7699,3504,6272,6676,3503,6334,6690,3152,4534,8581,10079,4454,7904,8758,4453,7982,8776,1636,2488,4855,5053,2445,4482,4396,2444,4524,4405,7.323422255075713,8.754974105150465,11.27903233754006,13.14535223343305,Low,Low
Argentina,Argentina,ARG,1143,10283,74652,324,6375,69429,924645,1474959,2914397,6267,6155,6067,3021,5860,5523,2614,5941,5477,2565,8353,8248,8182,4188,7852,7444,3622,7960,7382,3553,4125,4005,3900,1830,3818,3559,1589,3869,3530,1560,43.56953519746847,46.15533933884454,49.37701305236465,46.57493769051544,Upper_Middle,Middle
Australia_NZ,Australia,AUS,2109,23103,118607,46432,180172,1127854,2884385,4295337,8826155,3021,3370,4358,6556,3329,4251,6427,3324,4272,6461,3928,4411,5688,8747,4356,5547,8573,4350,5574,8619,2088,2301,2995,4318,2273,2924,4236,2270,2937,4258,25.98729857285925,29.562047873153833,36.03292142567009,42.57732546336947,High,High
Australia_NZ,New Zealand,NZL,308,3377,17335,6786,26333,164840,421564,627780,1289976,0,0,0,0,0,0,0,0,0,0,0,0,0,0,0,0,0,0,0,0,0,0,0,0,0,0,0,0,0,0,4.85152986196471,5.279569137574341,5.939593866369957,6.509268142937511,High,High
Brazil,Brazil,BRA,3266,35085,239121,964,21478,272053,4587587,6819232,12528118,16952,17729,18714,9167,15882,15578,6910,16385,15498,6632,22249,23559,25272,12808,21091,21016,9644,21762,20909,9254,11550,11779,12026,5466,10577,10049,4143,10904,9999,3979,210.7426464582764,222.81908868466118,231.86816877452029,188.41540649548188,Upper_Middle,Middle
Canada,Canada,CAN,3171,30857,187441,55910,176752,1201966,3494154,4969126,9827978,3391,3178,3308,3153,2863,2690,2477,2880,2452,1997,4416,4189,4334,4242,3773,3521,3327,3795,3207,2679,2348,2150,2268,2051,1940,1851,1618,1951,1689,1309,37.76420045635363,41.383591043045016,47.584804488954894,54.42355384783969,High,High
EU-12,Czech Republic,CZE,763,6070,17706,673,10766,34878,501700,701294,1144849,7276,6146,5444,7845,5437,3588,4303,4924,2624,3256,9242,7896,6928,10123,6993,4563,5535,6336,3331,4177,5102,4232,3845,5413,3754,2566,3031,3408,1892,2313,10.971918332150251,11.29183182482896,11.703701006759823,10.855792884024705,High,High
Southeast Asia,Democratic Peoples Republic of Korea,PRK,4247,49391,290594,266,9842,237506,1828249,3451233,9261880,24982,27287,30061,8518,25328,25782,7241,25014,24349,6773,33076,36375,40418,11732,33920,34980,10060,33525,33132,9439,15348,16546,17938,4850,15310,15293,4098,15113,14419,3827,49.37755505545623,49.66064721980259,46.183250951548665,30.04447259036126,Low,Low
Africa_Western,Democratic Republic of the Congo,COD,123,2446,61832,1,47,46999,148983,467375,3947865,26390,43587,78364,45220,42728,72512,39579,42829,74150,39905,34618,55980,99443,59694,54892,92073,52369,55020,94139,52795,17157,29810,55031,29118,29240,51051,25560,29307,52165,25765,85.77145183598343,107.35036108601895,145.71888671523422,187.01452286609162,Low,Low
Central America and Caribbean,Barbados,BRB,11,166,1461,1,25,1149,9954,18457,59143,32,43,85,196,42,82,184,42,82,184,43,57,114,260,56,109,244,56,109,243,22,28,57,131,28,54,123,28,54,123,0.278637253405632,0.2807473387560561,0.2675119143014169,0.19473382912791412,High,High
Central America and Caribbean,Belize,BLZ,5,81,708,1,12,557,4824,8945,28662,8,9,13,11,8,8,6,8,8,6,10,12,17,15,10,11,9,11,11,9,6,6,9,7,6,6,4,6,6,4,0.3648004385930981,0.4032162259884217,0.4475153084415937,0.4487395230230108,Upper_Middle,Middle
Central America and Caribbean,Costa Rica,CRI,131,1972,17326,14,299,13621,118005,218817,701162,145,192,311,494,184,255,350,185,255,352,183,248,405,674,237,332,478,239,332,479,106,136,215,311,130,177,222,131,177,223,5.326161589081579,5.910526211455881,6.735971872106966,6.455497455765661,Upper_Middle,Middle
Central America and Caribbean,El Salvador,SLV,61,911,8004,7,138,6292,54516,101088,323920,1258,1093,821,172,956,466,102,968,468,103,1629,1408,1060,227,1231,600,134,1247,603,136,857,754,566,114,662,327,69,670,329,70,6.38313338871084,6.395593296318142,6.08051087569562,4.757024120341817,Upper_Middle,Middle
Central America and Caribbean,Grenada,GRD,2,35,306,0,5,241,2087,3870,12400,8,10,16,198,10,16,189,10,16,188,10,13,21,277,13,21,264,13,21,263,6,7,11,117,7,10,111,7,10,111,0.10760894994535694,0.11054802197256262,0.110089116800047,0.08342088507661517,Upper_Middle,Middle
Africa_Northern,Egypt,EGY,1948,20251,129867,152,3873,103084,897821,1825287,5242571,70502,84276,101433,65534,81326,94343,59097,82245,94622,59094,86318,104205,126055,84461,100647,117436,76383,101756,117776,76379,52228,61244,73157,43988,59130,68119,39703,59788,68317,39701,94.74985311328159,106.68540214631012,124.8607905376988,131.23885688054332,Lower_Middle,Middle
Central America and Caribbean,Guatemala,GTM,180,2706,23771,20,410,18688,161905,300220,962005,2392,2502,2573,2543,2248,1662,1621,2262,1669,1626,3169,3285,3352,3417,2950,2158,2171,2968,2167,2178,1565,1672,1754,1629,1509,1151,1055,1518,1156,1059,17.50523623574755,20.40138659149925,24.965488480710246,28.893196543178014,Upper_Middle,Middle
Central America and Caribbean,Haiti,HTI,38,577,5068,4,87,3984,34516,64003,205088,996,1057,1123,747,974,825,469,1000,838,471,1287,1359,1440,992,1253,1058,622,1287,1074,625,700,749,802,499,691,591,315,710,600,316,11.06689817417857,11.900742584918124,12.74728917101613,11.19316179763908,Lower_Middle,Middle
Central America and Caribbean,Honduras,HND,60,895,7863,6,136,6182,53556,99309,318221,1078,1213,1522,1159,1128,1178,855,1147,1182,862,1347,1529,1939,1519,1422,1499,1118,1446,1505,1127,796,883,1089,787,823,846,585,836,850,590,8.923784945232997,10.061399209597292,11.658606994172382,12.12244103845024,Lower_Middle,Middle
Central America and Caribbean,Jamaica,JAM,32,487,4278,4,74,3363,29138,54031,173132,187,176,175,61,159,123,41,165,125,42,247,234,233,82,211,164,55,219,166,57,126,116,115,40,105,82,27,109,83,28,2.8362905176539366,2.8797228442462113,2.785827935178338,2.241537230677486,Upper_Middle,Middle
Southeast Asia,Federated States of Micronesia,FSM,1,13,75,0,3,61,471,889,2385,0,0,0,0,0,0,0,0,0,0,0,0,0,0,0,0,0,0,0,0,0,0,0,0,0,0,0,0,0,0,0.114153629188697,0.11493182190753469,0.10672870132373646,0.08489564987180453,Lower_Middle,Middle
Africa_Western,Gambia,GMB,4,81,2044,0,2,1554,4925,15449,130498,582,807,1345,696,799,1295,653,801,1302,653,746,1022,1706,915,1013,1644,860,1014,1652,860,392,561,935,447,556,902,419,557,906,420,2.1847249097273633,2.6013887183860946,3.2730757061978553,3.838463767582225,Low,Low
Central America and Caribbean,Nicaragua,NIC,30,446,3916,3,68,3078,26671,49455,158471,246,258,238,46,253,218,41,252,217,42,312,329,305,62,322,279,55,321,278,56,179,185,170,30,182,156,27,181,155,27,6.365539705680375,6.754050527697455,7.01366817184334,6.2437381637085005,Lower_Middle,Middle
Central America and Caribbean,Panama,PAN,145,2180,19147,16,330,15052,130410,241819,774868,48,106,141,78,94,107,35,98,107,36,63,139,188,107,122,142,48,128,142,49,34,74,94,49,65,72,22,68,71,23,4.021978975274154,4.476725849469908,5.108167195246702,5.024697304845944,High,High
Middle East,Iran,IRN,1042,12365,92517,336,6007,95587,665235,1156563,2836304,24498,24567,31684,16296,23283,28008,13221,23858,27762,13053,30559,31141,40503,21122,29528,35832,17134,30251,35518,16917,17821,17330,22070,11140,16447,19570,9098,16842,19402,8986,82.33865471293076,87.9499788410345,93.46523530651866,74.81527889607665,Upper_Middle,Middle
Central Asia,Kyrgyzstan,KGZ,123,754,3476,12,264,2268,24748,42014,82350,2879,3199,3855,1538,3057,3391,1272,3043,3424,1286,3575,4073,4926,1984,3894,4340,1643,3877,4381,1662,2114,2230,2667,1050,2133,2352,871,2124,2374,881,5.839475548741664,6.160790627237698,6.409616075513312,5.583870906213157,Lower_Middle,Middle
Central America and Caribbean,Trinidad and Tobago,TTO,57,856,7520,6,130,5912,51217,94972,304323,137,144,151,52,142,146,48,143,146,48,171,182,194,67,180,187,63,181,187,63,102,105,107,36,104,103,33,104,104,33,1.3715200922919755,1.360374427234327,1.2465509375150032,0.7851960070849714,High,High
Central Asia,Armenia,ARM,198,1212,5590,19,425,3646,39795,67560,132423,2742,2479,2021,345,2265,1692,267,2313,1657,254,3372,3161,2538,446,2891,2127,345,2951,2083,329,2049,1723,1458,236,1577,1227,183,1610,1202,175,3.0378836976536103,2.9221689924168883,2.5936195323261466,1.7675640035157036,Upper_Middle,Middle
Central Asia,Azerbaijan,AZE,799,4897,22577,75,1715,14727,160718,272849,534804,7581,8246,9268,5374,7712,8035,4354,7821,7923,4263,9259,10381,11693,6855,9716,10150,5560,9852,10009,5444,5728,5871,6595,3763,5498,5735,3066,5574,5656,3004,10.132468963870824,10.62777300553197,10.99296180276747,9.292462817905706,Upper_Middle,Middle
Central Asia,Georgia,GEO,253,1552,7158,24,544,4669,50953,86502,169551,3075,2615,2292,882,2331,1787,622,2366,1744,589,3952,3430,3006,1190,3059,2343,840,3103,2287,795,2131,1738,1530,554,1555,1202,395,1577,1174,374,4.133945784474709,3.841959396161965,3.2261503271409735,2.1103148011267887,Upper_Middle,Middle
Central Asia,Kazakhstan,KAZ,2281,13981,64458,214,4895,42045,458859,779000,1526898,7371,7124,6422,2990,6619,5476,2321,6677,5381,2256,9291,9246,8347,3924,8592,7119,3045,8668,6995,2959,5326,4846,4367,2002,4511,3740,1565,4550,3677,1523,17.590496440663173,18.694465370066997,20.17779103580021,18.793894205139576,Upper_Middle,Middle
Southeast Asia,Lao Peoples Democratic Republic,LAO,39,457,2692,2,91,2200,16935,31968,85790,3544,4410,5889,4852,4036,4871,4015,4134,4863,3947,4576,5714,7730,6719,5233,6401,5574,5359,6391,5480,2403,2977,3880,2848,2732,3229,2363,2796,3224,2324,7.066441747211272,7.80213034911843,8.63121918907528,8.133588393634739,Lower_Middle,Middle
Central Asia,Mongolia,MNG,174,1065,4912,16,373,3204,34968,59365,116360,979,1123,1243,608,1058,1113,519,1074,1090,503,1231,1412,1588,795,1330,1422,678,1349,1392,657,714,820,879,413,774,790,354,785,774,344,3.1423584030064573,3.410563372303617,3.764811921149165,3.6150639504086235,Upper_Middle,Middle
Central Asia,Tajikistan,TJK,109,666,3069,10,233,2002,21849,37093,72704,2871,3041,3209,830,2815,2553,538,2904,2787,587,3570,3813,4028,1052,3531,3208,684,3642,3501,747,2106,2197,2308,580,2039,1847,380,2101,2012,414,7.5437654246880115,7.943070557117806,8.044770823941834,7.077941214401579,Lower_Middle,Middle
Central Asia,Turkmenistan,TKM,573,3513,16198,54,1230,10566,115312,195764,383712,3005,3243,3249,994,3117,2970,868,3150,2969,866,3685,4038,4086,1272,3882,3737,1112,3923,3736,1109,2263,2371,2331,689,2281,2136,603,2305,2135,602,5.594621721397036,6.0087888396961064,6.3739258035861575,5.546561395992036,Upper_Middle,Middle
Central Asia,Uzbekistan,UZB,823,5042,23245,77,1765,15163,165476,280927,550639,21937,25294,30667,13766,23994,26266,10767,24232,26996,10792,26647,31522,38292,17142,29922,32861,13433,30215,33763,13464,16759,18364,22177,10040,17437,19043,7893,17606,19563,7911,30.163439421637058,32.083900216034046,33.47524693306885,28.603811219342205,Lower_Middle,Middle
China,China,CHN,113389,809043,1855666,40986,859491,1885908,30826286,46528303,54267326,1135698,1147457,1100653,304114,1057401,939794,255478,1060954,912045,246372,1503338,1540812,1495589,422533,1424480,1284508,357143,1429089,1247766,344785,713965,697751,654585,172919,642506,557911,144892,644679,541351,139687,1387.4914209706055,1389.5820014149538,1273.1835665781205,776.5010417742677,Upper_Middle,Middle
Colombia,Colombia,COL,690,10175,95919,118,4585,90920,845909,1511292,4081594,719,1365,1614,662,961,756,2,1099,714,0,922,1783,2127,911,1256,994,3,1436,940,0,515,942,1097,412,665,516,1,759,488,0,52.23309284313654,57.32776862698464,63.90005322201866,61.435866095692866,Upper_Middle,Middle
EU-12,Bulgaria,BGR,237,1884,5497,209,3342,10828,155762,217729,355439,6927,5216,3669,2759,4363,2262,1529,4295,1981,1272,8858,6722,4741,3583,5628,2923,1979,5541,2558,1643,4813,3574,2512,1887,3005,1570,1066,2959,1379,891,7.068283426937911,6.7535966949368,6.308475292812224,5.0616923701549945,High,High
EU-12,Cyprus,CYP,77,610,1780,68,1082,3506,50430,70492,115077,416,432,558,701,374,406,481,384,394,451,538,562,732,954,488,532,657,500,517,616,283,290,371,431,252,272,299,259,264,281,1.247774411888901,1.377404966364366,1.5786693477859495,1.5329233376250588,High,High
Europe_Non_EU,Macedonia,MKD,40,348,1515,21,404,2502,34984,56427,115285,1720,1649,1793,4617,1345,1053,2715,1332,913,2281,2252,2185,2380,6169,1784,1398,3624,1767,1212,3042,1137,1064,1159,2972,873,691,1775,864,601,1499,2.1267409096017884,2.1960535683217772,2.3106937981867426,1.9803749555744135,Upper_Middle,Middle
EU-12,Estonia,EST,99,791,2307,88,1403,4545,65379,91389,149190,546,394,250,128,345,163,59,333,136,48,679,494,313,162,432,203,74,417,170,60,407,289,184,93,253,121,44,245,101,36,1.324625336482361,1.2969635751714323,1.2594064252776465,1.1329069188757348,High,High
EU-12,Hungary,HUN,464,3692,10770,409,6548,21214,305158,426560,696351,8265,6469,4550,2041,5674,2967,1123,5274,2296,815,10551,8356,5881,2678,7338,3841,1471,6825,2972,1066,5748,4407,3113,1366,3874,2049,764,3606,1594,559,9.728885418131842,9.48825979434481,8.899446288838512,6.926242219695677,High,High
EU-12,Latvia,LVA,106,843,2460,93,1495,4845,69691,97416,159030,1402,1123,981,979,996,629,458,954,523,371,1771,1420,1240,1232,1260,794,573,1207,659,464,1008,809,710,716,720,460,341,690,383,277,2.1237831028683822,2.019916125495585,1.8353195084782754,1.3592650511977125,High,High
EU-12,Lithuania,LTU,186,1481,4321,164,2627,8511,122432,171140,279382,1970,1502,1272,867,1321,823,439,1252,652,340,2447,1867,1574,1067,1642,1018,538,1557,805,416,1462,1115,956,660,983,623,339,933,495,263,3.1895578268546765,3.050705621541761,2.712730634789106,2.000222284464608,High,High
EU-12,Malta,MLT,48,383,1117,42,679,2200,31649,44240,72220,139,139,136,114,131,120,98,130,118,97,179,182,177,152,172,156,131,170,153,129,96,92,93,75,87,82,64,86,81,64,0.4331843391487262,0.44438894289040354,0.44307551693234115,0.3724375497230977,High,High
EU-12,Poland,POL,1809,14392,41984,1595,25527,82699,1189598,1662861,2714590,25102,20654,15411,5433,17845,9918,2941,16527,7606,2251,31871,26930,19820,7077,23303,12748,3818,21594,9761,2915,17691,13799,10683,3693,11959,6965,2039,11096,5379,1572,38.40953204757204,37.888693868409874,35.162884108218954,26.22938506665848,High,High
EU-12,Romania,ROU,784,6237,18193,691,11062,35836,515492,720573,1176322,16720,14440,14160,12710,12315,9127,7246,11831,7766,5778,21499,18844,18415,16483,16084,11864,9358,15454,10088,7445,11514,9660,9598,8734,8274,6266,5075,7958,5354,4074,20.765849199529065,19.915203216773964,17.757120180607892,11.32348232815556,High,High
EU-12,Slovenia,SVN,157,1253,3655,139,2222,7199,103553,144750,236301,796,631,511,453,563,351,269,510,253,194,1032,828,668,605,739,457,359,669,330,257,544,422,346,294,378,240,178,344,175,129,2.0940622330633167,2.134662138856113,2.199054459675883,2.1284448660343833,High,High
EU-15,Austria,AUT,316,3529,18399,2756,12406,123338,808536,1085917,2036095,3297,2696,2494,1265,2430,1790,809,2189,1319,666,4182,3407,3143,1633,3070,2250,1040,2764,1654,854,2346,1944,1815,883,1757,1314,573,1587,975,474,8.696135396955631,8.945992516860418,9.213790270468058,8.148361362008977,High,High
EU-15,Belgium,BEL,392,4375,22814,3418,15382,152929,1002516,1346445,2524585,3809,3015,2805,1849,2764,2171,1290,2489,1616,1057,5078,4054,3793,2571,3717,2932,1793,3346,2179,1469,2468,1928,1778,1099,1772,1387,774,1601,1041,637,11.270222362571596,11.775222157535858,12.59558584629016,12.924489520936664,High,High
EU-15,Denmark,DNK,269,2997,15626,2341,10536,104746,686655,922223,1729168,0,0,0,0,0,0,0,0,0,0,0,0,0,0,0,0,0,0,0,0,0,0,0,0,0,0,0,0,0,0,5.806201931597108,6.086939581383536,6.573973185442038,7.425535393000472,High,High
EU-15,Finland,FIN,189,2113,11016,1650,7428,73846,484092,650167,1219063,948,803,597,277,657,297,56,630,194,28,1199,1019,742,350,834,368,70,799,240,35,690,580,450,203,477,226,42,457,148,21,5.617040205860715,5.844695797104399,6.1755740537153905,6.82408690696936,High,High
EU-15,France,FRA,1867,20827,108600,16268,73223,727982,4772253,6409449,12017717,12959,10390,10451,13621,9491,7990,9328,8572,5991,8514,16984,13707,13767,18462,12514,10499,12610,11295,7854,11501,8776,6966,7045,8646,6380,5430,5988,5779,4101,5479,66.6091247302599,70.32432008195235,76.5038765235807,82.96966029499754,High,High
EU-15,Germany,DEU,2740,30567,159384,23876,107464,1068406,7003882,9406673,17637513,37443,28845,24374,9225,26110,18371,6332,23603,14197,5784,48312,37248,31366,12194,33706,23592,8347,30458,18192,7619,25811,19980,17061,6130,18139,12977,4262,16446,10103,3904,81.91020284272702,81.35738861852414,78.93224518699435,66.52760504911795,High,High
EU-15,Greece,GRC,146,1633,8516,1276,5742,57086,374227,502611,942397,5812,5672,6598,14245,4671,4091,8360,4578,3632,7472,7551,7415,8701,19373,6102,5378,11337,5979,4770,10124,3969,3833,4393,8922,3177,2767,5322,3115,2465,4772,11.43020339953784,11.37935762895225,11.24847007576387,9.441525931002733,High,High
EU-15,Ireland,IRL,358,3993,20821,3119,14039,139574,914968,1228862,2304116,639,514,607,1234,460,450,796,436,318,610,843,683,811,1698,611,601,1093,579,424,836,429,342,398,763,307,297,497,291,211,382,5.036743464921717,5.513367599768414,6.357959010612016,7.075782283941739,High,High
EU-15,Italy,ITA,1390,15508,80864,12114,54522,542059,3553440,4772503,8948444,24220,20668,21122,30108,18827,16466,21799,17438,13490,19305,31585,26980,27767,40714,24568,21615,29439,22746,17682,26051,16394,14038,14177,19056,12825,11140,13938,11908,9182,12390,61.70174103093428,61.953927715205616,61.47581759235939,51.885154191202886,High,High
EU-15,Luxembourg,LUX,55,612,3189,478,2150,21379,140149,188230,352931,130,109,122,148,100,95,105,90,72,87,172,144,162,199,133,126,141,120,95,116,87,71,81,96,66,64,69,60,48,57,0.5930417404048813,0.6758910158292805,0.8307568224899187,0.9520721649280169,High,High
EU-15,Netherlands,NLD,678,7567,39455,5910,26603,264483,1733804,2328613,4366149,4904,4131,3699,2347,3758,2831,1640,3390,2166,1436,6626,5619,5051,3288,5113,3863,2300,4612,2953,2013,3082,2573,2290,1366,2347,1766,962,2123,1361,844,17.2635759422613,17.884251082670936,18.57511965703697,19.065211138132533,High,High
EU-15,Portugal,PRT,171,1910,9961,1492,6716,66775,437743,587917,1102345,2031,1657,1853,6885,1507,1478,5072,1429,1311,4690,2754,2249,2527,9637,2044,2013,7089,1938,1785,6553,1287,1050,1164,4080,958,934,3027,910,831,2804,10.909987403763743,11.082360814288219,11.30967216237619,10.21679240971964,High,High
EU-15,Spain,ESP,954,10639,55472,8310,37402,371847,2437626,3273891,6138546,8101,6546,7492,18407,5955,5943,13344,5588,5101,12030,10749,8715,10098,25647,7924,7999,18566,7432,6861,16728,5364,4318,4821,11009,3938,3846,8042,3701,3312,7266,48.76902109803652,50.20777957492837,52.76037011158702,47.75890383401593,High,High
EU-15,Sweden,SWE,396,4420,23048,3453,15540,154500,1012816,1360279,2550523,1101,806,656,534,591,188,24,589,19,79,1427,1036,843,701,759,241,31,757,24,103,769,572,467,365,421,135,17,420,13,55,10.185543144583889,10.98627760377085,12.51171590136336,15.133217903192394,High,High
EU-15,United Kingdom,GBR,2075,23150,120710,18083,81388,809160,5304411,7124172,13357822,16460,13514,13903,14545,12046,10310,9722,11038,7490,8042,22170,18262,18932,20359,16269,14017,13594,14901,10166,11236,10524,8622,8736,8577,7709,6528,5785,7079,4776,4803,66.2086047323148,70.03671295134238,76.59151851481694,84.72390449877378,High,High
Europe_Eastern,Belarus,BLR,686,4553,15348,3,1039,10251,125767,203468,426359,9355,7055,3343,152,6266,2304,85,6079,2083,74,11471,8893,4187,191,7908,2890,106,7674,2615,93,7047,5040,2429,111,4485,1684,63,4353,1525,55,9.270486217831818,8.915450097435366,8.205520022550097,6.231701005720185,Upper_Middle,Middle
Europe_Eastern,Moldova,MDA,135,895,3019,1,204,2016,24737,40019,83859,2644,1942,919,42,1731,636,24,1668,581,21,3315,2506,1160,53,2236,804,30,2156,734,27,1909,1323,659,29,1181,459,17,1139,420,15,3.196966589310731,2.84953801047108,2.1812053417181616,1.1064240786692143,Upper_Middle,Middle
Europe_Eastern,Ukraine,UKR,1507,9997,33703,7,2282,22510,276167,446787,936225,46812,33995,20686,5880,29736,14016,3211,30232,13849,3001,57820,42800,25843,7348,37508,17566,4017,38125,17358,3754,34610,24197,14997,4279,21208,10224,2367,21556,10104,2215,42.93916775712572,41.09393931844865,38.882033118113114,32.83594118732277,Upper_Middle,Middle
Europe_Non_EU,Albania,ALB,55,480,2091,30,558,3451,48264,77846,159048,1465,1587,2245,10671,1282,1288,6260,1275,1116,5231,1911,2066,2919,13852,1669,1671,8088,1660,1447,6749,984,1075,1531,7360,873,893,4389,869,776,3684,3.27074211985599,3.300564237943751,3.201494965873663,2.3185198319513614,Upper_Middle,Middle
Europe_Non_EU,Bosnia and Herzegovina,BIH,71,622,2712,38,723,4477,62599,100967,206286,2754,2328,1893,493,1821,933,249,1808,727,184,3549,3056,2462,642,2393,1210,322,2375,942,237,1893,1540,1287,337,1212,647,174,1203,506,129,3.718056034723309,3.632595255773903,3.3012735008665266,2.1937113688857903,Upper_Middle,Middle
Europe_Non_EU,Croatia,HRV,208,1825,7958,113,2122,13136,183696,296289,605347,2253,2064,2364,9501,1677,1301,4864,1562,885,3250,2866,2662,3000,11960,2161,1646,6090,2014,1118,4059,1608,1438,1705,6976,1174,949,3623,1095,649,2433,4.339181368726293,4.259337845352989,4.063290385740581,3.219987602423363,High,High
Europe_Non_EU,Montenegro,MNE,18,158,689,10,184,1137,15895,25637,52380,426,407,433,847,326,238,481,325,204,396,555,540,571,1112,432,313,629,431,268,517,287,264,287,570,213,161,330,212,138,273,0.6516492383238803,0.6693614100924887,0.6883471322300317,0.5752357686437205,Upper_Middle,Middle
Europe_Non_EU,Serbia,SRB,183,1611,7025,100,1874,11598,162178,261582,534437,9062,8331,11023,66277,7254,6557,34999,7036,5253,26690,11678,10947,14328,86078,9542,8516,45271,9257,6815,34448,6215,5479,7471,45321,4787,4512,24424,4647,3636,18759,9.731764648882029,9.73025439963052,9.668840845910971,7.727518368769585,Upper_Middle,Middle
European Free Trade Association,Iceland,ISL,6,149,1245,1004,2385,46432,42017,57766,118899,8,4,4,17,2,0,0,2,0,0,10,6,6,23,3,0,0,3,0,0,6,3,3,11,2,0,0,1,0,0,0.36874457310521064,0.4132128340299178,0.4922654180737569,0.5886829210101876,High,High
European Free Trade Association,Norway,NOR,128,3085,25768,20784,49355,960927,869556,1195508,2460669,534,453,465,369,396,326,214,426,314,289,704,600,614,499,525,431,288,564,415,390,361,303,313,238,266,221,139,285,213,187,5.425887967698,6.003519564317867,7.063307025923137,8.669935829492504,High,High
European Free Trade Association,Switzerland,CHE,176,4248,35485,28622,67967,1323297,1197470,1646339,3388599,2710,2311,2236,1205,2136,1783,907,1957,1463,1152,3489,2984,2890,1610,2757,2301,1210,2525,1884,1539,1875,1600,1549,780,1483,1245,592,1362,1028,746,8.100975262661445,8.519378150434976,9.171718923094462,9.041157277683482,High,High
India,India,IND,46859,365385,2005187,1351,48083,1361425,8946045,20180765,60032000,1443765,1808633,2401386,4240077,1659904,1804773,2972057,1744308,2019641,3154552,1799609,2277728,3072903,5683662,2102430,2351358,4082640,2202271,2615355,4318949,999451,1220263,1557617,2464926,1117365,1161826,1698283,1175596,1302588,1806099,1388.0894570184826,1528.5951937746029,1733.7954781103122,1602.9362278121125,Lower_Middle,Middle
Indonesia,Indonesia,IDN,6140,64188,386812,558,22877,405448,3128877,6509485,15400112,43473,44119,40162,12423,41397,33172,9079,42949,32162,8475,56681,57931,54261,17548,54329,44777,12817,56382,43407,11962,29843,29897,25663,7191,28105,21295,5285,29127,20661,4939,261.7048545758292,277.363847357717,287.5221956741362,227.5176282890115,Upper_Middle,Middle
Japan,Japan,JPN,4738,49117,158583,43383,225732,1027289,10033184,11201501,14309792,52180,48278,38302,23044,44942,33751,22007,44826,30414,17181,70828,65563,52183,31913,61051,45988,30480,60892,41434,23790,32258,29954,23690,13808,27947,20959,13204,27877,18951,10378,124.81254802065365,120.40981332343105,108.60869980126017,74.94134634553204,High,High
Mexico,Mexico,MEX,2361,33245,321713,531,17178,369223,2654042,4393469,11167117,7137,8484,10570,7051,6412,1952,0,5782,975,0,9117,10965,13828,9538,8279,2543,0,7462,1270,0,5118,5952,7254,4534,4516,1359,0,4077,680,0,126.18275401562265,136.74726416228913,148.71903431749942,143.06579872679822,Upper_Middle,Middle
Middle East,Bahrain,BHR,112,1329,9942,36,646,10272,71490,124291,304805,466,773,1621,17617,743,1499,15785,754,1490,15648,563,956,2098,23654,920,1947,21285,935,1935,21106,355,559,1069,10792,538,989,9663,546,983,9578,1.882643419134789,2.3491256269564915,3.207467456434501,3.8477512907804057,High,High
Middle East,Iraq,IRQ,724,8593,64291,233,4174,66425,462282,803713,1970991,13141,14200,24552,76111,13562,22305,64627,13779,22043,63138,16360,17798,30995,97418,17013,28203,82938,17280,27876,81049,9459,10100,17262,52320,9655,15714,44555,9806,15534,43549,40.77230340459097,50.174474162113825,67.7574899784507,88.49413769152687,Upper_Middle,Middle
Middle East,Israel,ISR,1325,15718,117606,427,7636,121509,845638,1470207,3605471,2957,3215,3928,5774,3018,3350,4386,3092,3310,4261,3877,4257,5191,7763,4006,4453,5958,4101,4402,5792,1908,2027,2490,3516,1903,2124,2667,1950,2099,2591,9.236617159172289,11.050261027192512,14.64865751214323,23.143948821035764,High,High
Middle East,Jordan,JOR,123,1457,10899,40,708,11261,78368,136249,334130,1497,1823,3192,9651,1730,2810,7745,1762,2779,7547,1899,2294,4095,12896,2179,3610,10392,2218,3570,10131,1048,1302,2194,6077,1238,1937,4894,1260,1917,4772,7.993064753832059,9.85541379431367,13.253365428355742,15.934880156694287,Lower_Middle,Middle
Middle East,Kuwait,KWT,462,5479,40994,149,2662,42355,294765,512472,1256764,1102,1346,2251,2587,1299,2090,2293,1317,2071,2261,1305,1621,2866,3349,1566,2673,2989,1587,2650,2949,855,1016,1503,1675,980,1394,1480,993,1381,1459,3.5842673931447937,4.386213014095925,5.82026916933596,6.487713858081902,High,High
Middle East,Lebanon,LBN,53,628,4703,17,305,4859,33813,58787,144167,1241,997,682,83,915,552,62,935,540,59,1539,1252,869,107,1149,705,80,1174,690,77,912,715,476,57,657,387,43,671,378,41,4.540407112595819,4.799682351979641,4.972509765321068,4.085662589043379,Lower_Middle,Middle
Middle East,Oman,OMN,290,3443,25761,93,1673,26616,185235,322045,789770,624,709,938,224,680,855,199,694,870,201,755,865,1193,293,829,1088,261,847,1108,263,477,536,654,148,514,597,132,525,607,133,3.3827456484672838,3.9884836588085735,5.011366288831095,5.650806596696961,High,High
Middle East,Qatar,QAT,595,7066,52867,192,3433,54621,380134,660893,1620745,427,694,1210,499,668,1121,450,678,1114,446,509,850,1547,636,818,1436,575,830,1428,570,333,515,822,346,495,761,313,503,757,310,2.5623701516984174,3.044673728296852,3.7973171715500054,3.6060494962204688,High,High
Middle East,Saudi Arabia,SAU,2801,33233,248652,902,16145,256905,1787920,3108437,7622997,9696,12657,18968,30732,12204,17694,27953,12379,17664,27798,11897,15723,24481,40380,15170,22874,36798,15384,22835,36598,7194,9191,12732,20042,8869,11891,18261,8993,11870,18162,34.746409697069865,41.86129985576871,54.41424783416312,62.66354856191135,High,High
Middle East,United Arab Emirates,ARE,1279,15179,113574,412,7374,117343,816645,1419800,3481855,2467,4713,10737,192161,4517,9842,170830,4600,9838,170163,3001,5856,14010,256800,5614,12865,228831,5717,12859,227951,1878,3447,7080,120894,3308,6502,107713,3367,6499,107302,11.04287156136485,13.358531750281477,16.915151159386742,16.326898940467753,High,High
Pakistan,Pakistan,PAK,1577,21813,234423,12,705,63737,566832,1452120,7808864,145274,193020,321494,403643,184042,272200,280064,190641,291823,305723,181201,240483,404231,526887,229628,343941,371649,237613,368072,404483,103074,137581,224334,255750,131261,190353,176783,135904,203845,192960,207.3406365715973,239.68426082135815,292.5767471607474,326.37396956532183,Lower_Middle,Middle
South Africa,South Africa,ZAF,3589,29598,113060,676,14143,114260,862667,1462339,3125763,6627,7139,7195,2354,5564,3251,1005,6181,3426,1009,8746,9494,9570,3281,7387,4298,1396,8211,4531,1402,4437,4705,4747,1407,3695,2189,610,4092,2305,612,54.79699581404258,58.58541839465063,63.044910086328464,58.48354329605735,Upper_Middle,Middle
South America_Northern,Guyana,GUY,981,7507,42577,118,719,11294,168238,288846,700876,46,78,108,66,76,100,58,76,101,59,58,99,140,88,96,130,77,97,131,78,35,56,75,45,55,70,39,55,70,39,0.7742869331401251,0.7822232723380029,0.7322102988354816,0.545719022813834,High,High
South America_Northern,Suriname,SUR,241,1847,10475,29,177,2779,41390,71061,172428,19,30,33,15,29,30,12,29,30,13,25,39,44,21,37,39,17,38,40,18,14,21,22,10,21,20,8,21,20,8,0.5719160926647476,0.6126572577490962,0.6593916360583385,0.6256589499058742,Upper_Middle,Middle
South America_Southern,Bolivia,BOL,91,1326,8909,20,569,9047,81330,143457,356239,571,693,819,428,655,730,345,666,725,335,752,913,1091,594,863,971,479,878,964,465,386,469,542,259,444,484,210,451,481,203,11.339786294448498,12.602925280422292,14.270640427337359,14.467992353026698,Lower_Middle,Middle
South America_Southern,Chile,CHL,622,9099,61138,141,3902,62087,558113,984453,2444635,484,509,499,80,276,0,0,352,0,0,637,677,674,113,367,0,0,468,0,0,330,340,323,48,185,0,0,236,0,0,18.566889664780923,19.685618699914343,20.53431158949062,17.371084702813683,High,High
South America_Southern,Ecuador,ECU,241,3525,23686,54,1512,24053,216222,381394,947094,1079,1227,1541,839,824,554,185,978,454,76,1417,1621,2054,1168,1085,733,256,1289,601,104,732,822,1013,504,558,372,114,659,306,47,16.34729437158475,17.97379884814882,20.089108184346504,19.45192789331816,Upper_Middle,Middle
South America_Southern,Paraguay,PRY,86,1264,8493,20,542,8625,77531,136757,339601,824,979,1230,1087,943,1147,954,952,1143,936,1066,1278,1612,1505,1231,1503,1320,1242,1498,1296,573,669,835,656,645,780,578,651,778,567,7.501793327082398,8.426785748027552,9.756792643370074,9.953518108840317,Upper_Middle,Middle
South America_Southern,Peru,PER,507,7411,49801,115,3179,50574,454622,801905,1991325,987,938,741,35,863,521,0,899,543,0,1323,1260,1007,48,1160,706,0,1208,736,0,644,610,472,22,562,333,0,585,347,0,31.438969186758047,33.04140247974767,33.86233123495731,28.71300970108873,Upper_Middle,Middle
South America_Southern,Uruguay,URY,145,2114,14204,33,907,14425,129668,228721,567970,565,582,605,386,463,408,235,490,392,217,758,785,826,543,623,556,331,660,534,305,368,374,378,225,299,258,138,316,248,128,3.426018950837622,3.4493231055829874,3.332442110672023,2.6299321106402114,High,High
South Asia,Afghanistan,AFG,55,497,5989,1,30,3210,22859,53263,249179,17843,20154,26185,36721,18945,22397,26788,19681,23578,28462,21863,24600,31971,46324,23121,27343,33862,24022,28788,35971,13486,15350,19904,26067,14459,17100,19166,15002,17976,20333,40.60214168465266,51.68935998730572,75.16195756292794,113.08597844427425,Low,Low
South Asia,Bangladesh,BGD,1734,15759,189973,27,966,101826,725085,1689477,7903798,140984,177058,262240,169311,160098,197989,118130,171734,224438,126783,178699,224172,338303,226417,203938,259572,161396,217863,292439,172627,94336,118986,168083,100257,107391,126221,68985,115327,143264,74171,166.2256034540564,181.14581912578723,195.77660502654922,167.4896352094171,Lower_Middle,Middle
South Asia,Bhutan,BTN,11,99,1197,0,6,642,4568,10645,49798,215,277,465,2008,248,343,1218,267,388,1360,279,359,618,2839,322,457,1733,347,517,1934,147,188,299,1117,169,223,682,182,251,760,0.8688618625241028,1.0063986756882979,1.2388129916026362,1.3049247466289011,Lower_Middle,Middle
South Asia,Maldives,MDV,23,211,2548,0,13,1366,9727,22663,106025,47,48,56,27,41,37,18,45,44,19,60,60,73,36,52,49,24,57,57,26,33,34,38,16,30,26,11,32,30,12,0.362328105519282,0.4029551225511632,0.4573884352682634,0.4123278179596086,Upper_Middle,Middle
South Asia,Nepal,NPL,155,1411,17008,2,86,9116,64916,151256,707612,22879,29462,62031,454176,27527,49638,323575,28692,54197,346987,28936,37343,80195,609052,35025,64944,442779,36424,70614,473202,15385,19793,39829,267245,18475,31768,188116,19267,34711,202048,35.755926438585206,41.27241306596905,50.141832695609615,52.40696943006787,Lower_Middle,Middle
South Asia,Sri Lanka,LKA,279,2540,30621,4,156,16413,116873,272318,1273970,6350,6574,5978,2416,5827,4109,1412,6272,4827,1571,8211,8577,7869,3305,7607,5415,1933,8185,6361,2151,4342,4404,3925,1472,3918,2730,874,4208,3190,969,22.438420767131266,23.435678707138866,24.18805009618103,21.044745557715988,Lower_Middle,Middle
Russia,Russia,RUS,15062,88575,410763,6024,88726,436611,3359955,4766406,7851178,92484,79743,62581,35963,75620,54571,27640,75217,52960,26491,115180,102661,79999,46527,97360,69738,35708,96841,67674,34215,68515,55321,44159,24874,52528,38644,19266,52254,37531,18487,141.9685597481434,139.6321968564434,136.714718806135,122.62221216561272,High,High
Southeast Asia,Brunei Darussalam,BRN,42,493,2903,3,98,2372,18262,34474,92516,7,6,4,0,0,0,0,2,0,0,9,8,5,0,0,0,0,3,0,0,5,4,2,0,0,0,0,1,0,0,0.4663677041131151,0.5271638532182285,0.6269465676773198,0.6478551312210994,High,High
Southeast Asia,Cambodia,KHM,75,873,5134,5,174,4196,32301,60975,163635,4527,4772,4636,1419,4542,4157,1291,4594,4161,1285,6099,6437,6313,1992,6129,5668,1816,6200,5674,1808,2807,2963,2825,805,2824,2541,733,2856,2543,730,15.606885619439392,16.65998210132946,17.615270893458533,15.719884626473549,Lower_Middle,Middle
Central America and Caribbean,Saint Lucia,LCA,4,67,586,0,10,461,3994,7406,23732,11,13,18,40,12,17,37,12,17,37,15,17,23,55,16,22,51,16,22,51,8,8,12,25,8,11,23,8,11,23,0.19018135008554465,0.20213908381588375,0.212989450263978,0.1801951176246479,Upper_Middle,Middle
Central America and Caribbean,Saint Vincent and the Grenadines,VCT,2,28,242,0,4,190,1647,3054,9787,10,12,18,26,12,17,25,12,17,24,13,16,24,34,15,23,32,15,23,32,7,8,12,18,8,11,17,8,11,17,0.1100161182787423,0.10974205675070012,0.1041962674758511,0.08148989104277814,Upper_Middle,Middle
EU-12,Slovakia,SVK,304,2420,7058,268,4291,13903,199990,279554,456366,3470,3051,2774,2096,2710,1857,1199,2483,1381,871,4387,3930,3524,2661,3495,2359,1516,3204,1753,1098,2461,2090,1967,1497,1862,1331,872,1709,997,639,5.606795833884531,5.668724634253451,5.529569697078472,4.427167415645295,High,High
South Korea,South Korea,KOR,3407,22468,71396,7612,63801,261196,2817226,3791446,4628826,24982,27287,30061,8518,25328,25782,7241,25014,24349,6773,33076,36375,40418,11732,33920,34980,10060,33525,33132,9439,15348,16546,17938,4850,15310,15293,4098,15113,14419,3827,49.37755505545623,49.66064721980259,46.183250951548665,30.04447259036126,High,High
Southeast Asia,Fiji,FJI,13,147,867,1,29,708,5452,10292,27619,0,0,0,0,0,0,0,0,0,0,0,0,0,0,0,0,0,0,0,0,0,0,0,0,0,0,0,0,0,0,0.9245805304203966,0.9600682967219781,0.9695054100902581,0.8284975527048829,Upper_Middle,Middle
Southeast Asia,Malaysia,MYS,1035,12037,70821,65,2399,57883,445567,841109,2257237,3917,4697,6092,5937,3857,3547,2677,4246,3630,2516,5101,6238,8236,8327,5115,4782,3745,5635,4894,3520,2701,3115,3892,3495,2570,2292,1599,2823,2345,1504,32.945113544536916,37.16091323731641,43.265018959584005,44.93565215822496,Upper_Middle,Middle
Southeast Asia,Myanmar,MMR,158,1841,10833,10,367,8854,68152,128653,345258,14949,16613,15737,2174,14884,11685,1681,15807,12928,1744,20144,22602,21825,3112,20278,16266,2416,21520,17980,2505,9320,10131,9166,1178,9100,6842,913,9650,7554,947,50.16341547652633,51.09630193967475,48.62827647130029,36.46708403946033,Lower_Middle,Middle
Southeast Asia,Timor Leste,TLS,8,95,558,1,19,456,3508,6623,17774,58,56,37,12,53,33,10,55,32,9,76,73,49,17,70,43,14,72,42,13,39,38,25,7,36,23,6,37,22,5,1.3766484983658607,1.650802983719623,2.0591611164560857,2.608415691288145,Lower_Middle,Middle
Southeast Asia,Papua New Guinea,PNG,80,935,5499,5,186,4495,34598,65312,175275,0,0,0,0,0,0,0,0,0,0,0,0,0,0,0,0,0,0,0,0,0,0,0,0,0,0,0,0,0,0,8.239850198243012,9.542603736088942,11.504402312055916,11.917152130245473,Lower_Middle,Middle
Southeast Asia,Philippines,PHL,1028,11949,70299,64,2381,57456,442283,834909,2240599,4265,4428,5622,9485,2199,0,0,3141,0,0,5429,5706,7332,13043,2830,0,0,4044,0,0,3092,3141,3901,5906,1566,0,0,2233,0,0,109.70510970985896,125.35556152157746,149.04005805640716,160.17859244766393,Lower_Middle,Middle
Europe_Non_EU,Turkey,TUR,2618,22995,100248,1421,26737,165490,2314157,3732572,7625996,24432,24974,26514,9411,20555,16664,5648,21151,15728,5056,31508,32733,35410,12973,27019,22382,7845,27793,21131,7026,16611,16404,16739,5549,13552,10605,3347,13936,10022,3001,81.01219184660509,87.7685958408351,95.87990057957356,89.67942868477745,Upper_Middle,Middle
Southeast Asia,Samoa,WSM,2,25,145,0,5,118,912,1721,4620,0,0,0,0,0,0,0,0,0,0,0,0,0,0,0,0,0,0,0,0,0,0,0,0,0,0,0,0,0,0,0.18664992998858304,0.1864200790993446,0.17102360288723947,0.13507950568030758,Lower_Middle,Middle
Southeast Asia,Singapore,SGP,1267,14729,86656,79,2935,70825,545191,1029170,2761926,1182,1202,984,213,1066,692,144,1104,680,140,1572,1635,1345,292,1450,946,198,1502,929,192,769,745,605,131,663,430,90,686,423,87,5.719274785584302,6.087637529572887,6.529551349445992,5.537997753811538,High,High
Southeast Asia,Solomon Islands,SLB,4,46,273,0,9,223,1715,3237,8687,0,0,0,0,0,0,0,0,0,0,0,0,0,0,0,0,0,0,0,0,0,0,0,0,0,0,0,0,0,0,0.6638265858579134,0.780447423138098,0.9712833520753967,1.077012426929502,Lower_Middle,Middle
Southeast Asia,Thailand,THA,1262,14670,86308,79,2923,70541,543001,1025037,2750834,20390,20404,17249,4401,17949,12141,3192,18505,12369,3159,27500,27747,23709,6216,24466,16770,4526,25211,17081,4480,12622,12385,10254,2482,10920,7259,1805,11251,7392,1787,72.84574372612545,75.0177206607724,73.5516714355006,54.66249961621233,Upper_Middle,Middle
Southeast Asia,Tonga,TON,1,15,87,0,3,71,548,1034,2775,0,0,0,0,0,0,0,0,0,0,0,0,0,0,0,0,0,0,0,0,0,0,0,0,0,0,0,0,0,0,0.1083659355172634,0.11024461648343677,0.10619335021062085,0.08988995092298227,Upper_Middle,Middle
Southeast Asia,Vanuatu,VUT,3,30,178,0,6,145,1119,2113,5669,15,20,40,150,18,34,119,19,33,116,19,25,51,197,23,43,156,24,42,152,11,15,29,102,14,25,82,14,24,79,0.2937773737002364,0.3459034039848639,0.43259052804778886,0.4821102707970208,Lower_Middle,Middle
Southeast Asia,Viet Nam,VNM,1043,12126,71343,65,2416,58310,448852,847309,2273875,50207,70761,126862,279820,63049,99059,210328,65476,98377,202510,67182,95713,172759,388369,85518,135598,293569,88736,134680,282804,31406,43111,76380,162519,38452,59763,122278,39916,59357,117776,96.40842798250783,101.95779457330778,104.37586044752405,78.26680118678595,Lower_Middle,Middle
USA,United States,USA,22972,226258,1663313,374027,1655227,6887643,32928000,43008000,64960000,34996,29264,32729,30164,22285,17738,15937,22476,11805,7043,45223,38437,42770,39824,29246,23121,20969,29497,15371,9245,24601,19964,22560,20397,15251,12317,10875,15380,8222,4836,335.75089485202045,361.02943330020275,402.3052266540372,458.5600127694223,High,High
