ISO,Efficiency_eta_1,Efficiency_eta_1.5,Efficiency_eta_2,Efficiency_eta_2.5,Efficiency_eta_3,Equity_eta_1,Equity_eta_1.5,Equity_eta_2,Equity_eta_2.5,Equity_eta_3,PercentChange_eta_1,PercentChange_eta_1.5,PercentChange_eta_2,PercentChange_eta_2.5,PercentChange_eta_3,AQ_eta_1,AQ_eta_1.5,AQ_eta_2,AQ_eta_2.5,AQ_eta_3,PercentChange_eta_1_AQ,PercentChange_eta_1.5_AQ,PercentChange_eta_2_AQ,PercentChange_eta_2.5_AQ,PercentChange_eta_3_AQ
AFG,16725141.66,57162544.28,199059136.9,710186906.4,2613143311,17132748.1,58784710.62,205894718.9,740810789.8,2758802412,2.4,2.8,3.4,4.3,5.6,17315049.6,59571930.12,209516567.4,758532896.8,2850420573,3.5,4.2,5.3,6.8,9.1
AGO,-564033.1735,-471044.1008,-445615.5769,-478200.5943,-571771.1352,-128518.681,-85630.87552,-51988.99073,-22560.23606,6694.823991,77.2,81.8,88.3,95.3,101.2,-406156.0707,-428766.4823,-500561.5154,-632586.8994,-846569.7716,28.0,9.0,-12.3,-32.3,-48.1
ALB,295390.9843,211167.9773,157096.6107,122063.1713,99241.3899,351181.3342,250217.8286,185405.2702,143393.2654,115984.9945,18.9,18.5,18,17.5,16.9,351181.3342,250217.8286,185405.2702,143393.2654,115984.9945,18.9,18.5,18.0,17.5,16.9
ARE,1199039.017,429772.6963,155890.1254,57268.4615,21321.5587,1258629.67,455040.3174,166957.6164,62263.53219,23636.67582,5,5.9,7.1,8.7,10.9,1260962.049,456321.4669,167662.4219,62651.85943,23850.95238,5.2,6.2,7.6,9.4,11.9
ARG,-126404.7622,-97587.28848,-76364.05687,-60601.17202,-48785.78886,-29798.37905,-24353.97022,-19577.52093,-15597.28166,-12379.56938,76.4,75,74.4,74.3,74.6,-28231.99077,-22835.5257,-18103.76251,-14165.18549,-10986.32662,77.7,76.6,76.3,76.6,77.5
ARM,9725.752833,8406.14491,7719.635764,7458.574208,7506.369123,39711.31545,31957.34789,27076.22501,24076.5394,22361.2272,308.3,280.2,250.7,222.8,197.9,40476.62706,32840.13703,28097.11145,25260.04188,23736.53574,316.2,290.7,264.0,238.7,216.2
AUS,-275533.4708,-99740.14333,-36492.38871,-13500.7317,-5051.976058,-2785099.705,-1007662.804,-368509.4682,-136287.7435,-50991.52958,-910.8,-910.3,-909.8,-909.5,-909.3,-2788062.909,-1008748.433,-368911.1334,-136437.8376,-51048.17713,-911.9,-911.4,-910.9,-910.6,-910.5
AUT,62326.32345,24243.27476,9597.286958,3861.297343,1576.484845,-90844.20473,-26027.28276,-7019.881545,-1669.590839,-276.2755505,-245.8,-207.4,-173.1,-143.2,-117.5,-90844.20473,-26027.28276,-7019.881545,-1669.590839,-276.2755505,-245.8,-207.4,-173.1,-143.2,-117.5
AZE,53768.79061,38117.11701,27952.0928,21354.21407,17097.11294,187911.7193,146439.4999,118120.9917,98695.59147,85369.7996,249.5,284.2,322.6,362.2,399.3,189174.6149,147849.4458,119697.0662,100459.5194,87346.33588,251.8,287.9,328.2,370.4,410.9
BDI,1125183.875,3134037.343,10465880.89,40786865.66,177343479.2,1185821.364,3219754.175,10522117.75,40471020.94,175040058.6,5.4,2.7,0.5,-0.8,-1.3,1323294.632,3664006.987,12173179.84,47318216.44,205740669.8,17.6,16.9,16.3,16.0,16.0
BEL,46050.29957,19184.52841,8088.000156,3447.9952,1485.137608,-192804.4687,-67158.90002,-23307.00952,-8036.619339,-2742.235423,-518.7,-450.1,-388.2,-333.1,-284.6,-192804.4687,-67158.90002,-23307.00952,-8036.619339,-2742.235423,-518.7,-450.1,-388.2,-333.1,-284.6
BEN,17615.82579,-1411.179609,-27269.12276,-72459.55787,-165095.4421,88805.26701,92720.79501,119077.0142,185870.104,332099.2082,404.1,6670.4,536.7,356.5,301.2,95304.14227,99630.49745,127286.2596,196807.2511,348231.4097,441.0,7160.1,566.8,371.6,310.9
BFA,160515.6892,148213.6984,89769.59126,-112755.9465,-769085.2819,316899.3709,425245.6708,659232.9281,1212061.79,2598114.422,97.4,186.9,634.4,1174.9,437.8,320564.8528,430151.2417,666036.0165,1221766.447,2612080.022,99.7,190.2,641.9,1183.5,439.6
BGD,9398414.786,10617218.93,13570942.97,19396160.32,30310312.08,7951589.712,8471299.215,10176211.01,13721894.18,20386488.39,-15.4,-20.2,-25,-29.3,-32.7,10979295.26,12467251.6,16015866.97,22992569.08,36063534.48,16.8,17.4,18.0,18.5,19.0
BGR,193331.2078,137163.499,99665.26337,74141.39524,56414.43577,180246.0624,129402.3651,95142.0374,71592.3339,55069.67262,-6.8,-5.7,-4.5,-3.4,-2.4,180246.0624,129402.3651,95142.0374,71592.3339,55069.67262,-6.8,-5.7,-4.5,-3.4,-2.4
BHR,121356.0974,68040.9869,38348.29617,21728.05366,12375.99725,134057.3639,76203.07089,43696.62077,25298.61126,14801.58109,10.5,12,13.9,16.4,19.6,134237.4168,76347.4293,43812.40759,25391.5185,14876.1593,10.6,12.2,14.2,16.9,20.2
BHS,-5800.183241,-2183.033712,-867.0343962,-363.7303947,-160.7708261,-3073.599791,-1056.648746,-376.4298446,-139.6953971,-54.26581881,47,51.6,56.6,61.6,66.2,-3073.599791,-1056.648746,-376.4298446,-139.6953971,-54.26581881,47.0,51.6,56.6,61.6,66.2
BIH,95320.92,74417.06459,60478.4297,50955.13889,44311.95547,106570.6848,83910.56578,68545.01982,57883.24772,50338.84101,11.8,12.8,13.3,13.6,13.6,106570.6848,83910.56578,68545.01982,57883.24772,50338.84101,11.8,12.8,13.3,13.6,13.6
BLR,102036.2248,73307.72154,55509.5933,44634.42228,38246.85611,232751.1718,184716.2556,154402.673,135723.8144,124933.2328,128.1,152,178.2,204.1,226.6,232751.1718,184716.2556,154402.673,135723.8144,124933.2328,128.1,152.0,178.2,204.1,226.6
BLZ,-1873.641808,-1682.174097,-1565.695745,-1509.656235,-1504.662708,653.31638,498.134246,415.1370529,375.8832186,363.6172854,134.9,129.6,126.5,124.9,124.2,653.31638,498.134246,415.1370529,375.8832186,363.6172854,134.9,129.6,126.5,124.9,124.2
BOL,30954.44404,14441.36286,-9156.891041,-43730.61054,-95377.24719,61917.30806,58285.75293,53818.05887,47939.60822,39736.423,100,303.6,687.7,209.6,141.7,62117.18057,58623.1424,54388.61006,48906.16474,41376.68553,100.7,305.9,694.0,211.8,143.4
BRA,-183530.3293,-148709.6941,-119895.3696,-96555.91809,-77876.06362,-179229.4261,-114644.4652,-71539.67865,-42735.89215,-23497.01557,2.3,22.9,40.3,55.7,69.8,-165465.9259,-101573.4204,-59107.28898,-30893.25614,-12199.64045,9.8,31.7,50.7,68.0,84.3
BRB,-2085.964942,-901.554167,-420.8522259,-211.304574,-113.1149782,-641.4998733,-222.5749176,-76.99936494,-25.93698363,-8.069866221,69.2,75.3,81.7,87.7,92.9,-641.4998733,-222.5749176,-76.99936494,-25.93698363,-8.069866221,69.2,75.3,81.7,87.7,92.9
BRN,-5739.624842,-3039.333426,-1665.259939,-942.8151629,-550.3033049,-939.6620147,-422.7988708,-189.737717,-84.36181158,-36.75344799,83.6,86.1,88.6,91.1,93.3,-890.3561375,-387.9029307,-164.9531866,-66.69803135,-24.12217912,84.5,87.2,90.1,92.9,95.6
BTN,113807.9608,108719.5564,110267.3849,120202.4173,141941.3867,112132.6061,107603.4376,109835.3223,120733.3333,143966.5491,-1.5,-1,-0.4,0.4,1.4,123255.9707,119543.7158,123985.0722,139339.8937,170884.0063,8.3,10.0,12.4,15.9,20.4
BWA,-26070.95181,-10760.70974,-5070.615681,-2759.567356,-1709.836444,-2810.721239,735.2931988,1713.407991,1866.854902,1772.276378,89.2,106.8,133.8,167.7,203.7,-18667.80063,-10747.17305,-7143.731087,-5270.983443,-4165.220389,28.4,0.1,-40.9,-91.0,-143.6
CAF,94788.77377,149806.0252,282060.042,647155.1252,1759550.58,111622.7687,186890.1249,381026.1557,950744.5084,2775693.643,17.8,24.8,35.1,46.9,57.8,122432.9792,210841.9425,443733.5959,1138325.963,3392391.882,29.2,40.7,57.3,75.9,92.8
CAN,-340825.4588,-130489.3735,-50423.3469,-19675.22659,-7755.738505,-3157090.533,-1222056.066,-478129.6603,-189188.4775,-75740.6433,-826.3,-836.5,-848.2,-861.6,-876.6,-3157250.266,-1222134.785,-478168.4548,-189207.5964,-75750.06573,-826.4,-836.6,-848.3,-861.7,-876.7
CHE,24613.06293,8381.905331,2865.384285,983.7559202,339.2771114,-1505426.24,-411010.1805,-113732.0013,-31934.04427,-9108.354894,-6216.4,-5003.5,-4069.2,-3346.1,-2784.6,-1501630.077,-410083.6332,-113505.6418,-31878.69067,-9094.805625,-6200.9,-4992.5,-4061.3,-3340.5,-2780.6
CHL,-118067.8854,-61445.55764,-33186.54087,-18617.57754,-10841.85562,-73606.18825,-32740.56567,-14309.61166,-5988.89365,-2258.542552,37.7,46.7,56.9,67.8,79.2,-71247.45212,-30904.82843,-12874.72907,-4862.632696,-1370.946462,39.7,49.7,61.2,73.9,87.4
CHN,13462332.84,9206556.059,6436792.069,4607709.922,3380728.038,15382793.96,10642333.2,7534684.891,5465789.557,4065450.91,14.3,15.6,17.1,18.6,20.3,15382753.18,10642341.22,7534736.929,5465881.196,4065578.073,14.3,15.6,17.1,18.6,20.3
CIV,101798.1203,74302.85961,66258.48919,68519.03684,77473.48741,204747.5086,162104.3351,157365.5977,177526.7641,220247.6039,101.1,118.2,137.5,159.1,184.3,219453.2701,173561.2602,167428.7652,187310.4361,230517.0718,115.6,133.6,152.7,173.4,197.5
CMR,20280.02841,5238.629779,-6577.770884,-22347.34921,-53315.95268,135754.6768,131991.5243,161090.507,232624.339,371189.8418,569.4,2419.6,2549,1140.9,796.2,146244.6116,142825.676,173554.0301,248225.0726,391765.3805,621.1,2626.4,2738.5,1210.8,834.8
COD,641794.3885,792550.5926,1111704.274,1841728.728,3570974.897,1076301.896,1576031.767,2789940.374,5971440.767,14736131.68,67.7,98.9,151,224.2,312.7,1219337.911,1847999.987,3372863.881,7350854.29,18250768.01,90.0,133.2,203.4,299.1,411.1
COG,24453.10142,16595.06177,13693.17507,13511.97368,15053.27023,44691.32097,33582.49757,30922.73096,33794.63881,41380.91062,82.8,102.4,125.8,150.1,174.9,54835.89334,43031.9735,40976.59715,45691.35892,56597.07205,124.2,159.3,199.2,238.2,276.0
COL,-257569.5134,-196665.5534,-154930.5855,-126029.1727,-105842.1105,-122515.6837,-82638.15957,-55299.69177,-36291.24958,-22861.3948,52.4,58,64.3,71.2,78.4,-119170.3124,-78937.65687,-51196.51697,-31730.89604,-17781.31206,53.7,59.9,67.0,74.8,83.2
COM,-15660.70393,-19904.04501,-30319.05507,-54472.0567,-110773.2444,223.2801233,-165.4945455,-550.9907294,-1121.335588,-2455.986701,101.4,99.2,98.2,97.9,97.8,223.2801233,-165.4945455,-550.9907294,-1121.335588,-2455.986701,101.4,99.2,98.2,97.9,97.8
CRI,-32819.66534,-22081.24268,-15589.01227,-11514.06044,-8855.082294,4466.102539,3034.718477,2248.570659,1765.458344,1433.442029,113.6,113.7,114.4,115.3,116.2,4527.623915,3050.934242,2242.619148,1748.783301,1411.748579,113.8,113.8,114.4,115.2,115.9
CYP,17661.19033,10758.2265,6624.236958,4123.836544,2595.788528,6000.189045,3647.217259,2246.996639,1403.707765,889.3116375,-66,-66.1,-66.1,-66,-65.7,6160.431263,3765.584074,2334.445492,1468.325082,937.0660915,-65.1,-65.0,-64.8,-64.4,-63.9
CZE,327319.1206,170392.6472,89907.54666,48112.58467,26121.8952,377218.9448,199967.1632,107601.5813,58792.0822,32620.41101,15.2,17.4,19.7,22.2,24.9,377218.9448,199967.1632,107601.5813,58792.0822,32620.41101,15.2,17.4,19.7,22.2,24.9
DEU,497731.1984,197119.9539,79536.10027,32642.75414,13604.11762,-785353.0051,-214033.9402,-53008.86893,-10291.29179,-343.2995534,-257.8,-208.6,-166.6,-131.5,-102.5,-785353.0051,-214033.9402,-53008.86893,-10291.29179,-343.2995534,-257.8,-208.6,-166.6,-131.5,-102.5
DJI,-8785.56729,-6261.881445,-5313.071777,-5361.425747,-6216.743848,6897.391775,5272.140241,5066.71374,5802.644042,7417.534007,178.5,184.2,195.4,208.2,219.3,7131.901406,5507.341762,5379.218076,6293.67662,8249.146324,181.2,188.0,201.2,217.4,232.7
DNK,-25821.69557,-8856.404126,-3066.883108,-1072.553747,-378.8710782,-194639.0853,-65007.08442,-21889.33571,-7434.861591,-2548.535913,-653.8,-634,-613.7,-593.2,-572.7,-194639.0853,-65007.08442,-21889.33571,-7434.861591,-2548.535913,-653.8,-634.0,-613.7,-593.2,-572.7
DZA,524868.1624,314641.1121,156872.8523,30000.71989,-81812.08475,816213.7551,596653.0921,444343.3191,336859.3866,258924.1534,55.5,89.6,183.3,1022.8,416.5,813699.1341,593852.6194,441119.7945,333042.4331,254294.2172,55.0,88.7,181.2,1010.1,410.8
ECU,10990.39762,8865.610763,8416.374988,9246.699647,11142.39472,65121.23397,61653.84366,60966.53401,62529.61713,66050.98172,492.5,595.4,624.4,576.2,492.8,68260.19027,65557.39383,65828.46008,68594.43896,73627.59578,521.1,639.5,682.1,641.8,560.8
EGY,3630314.862,3030265.649,2574912.395,2232753.128,1980335.018,4322306.732,3751302.117,3358356.801,3117652.643,3014885.073,19.1,23.8,30.4,39.6,52.2,4366712.898,3808117.211,3433164.601,3218444.321,3153200.346,20.3,25.7,33.3,44.1,59.2
ESP,231123.7016,110600.2445,53937.28061,26839.11937,13637.3573,-827442.7023,-390260.5118,-186496.2003,-90369.07202,-44431.25437,-458,-452.9,-445.8,-436.7,-425.8,-827442.7023,-390260.5118,-186496.2003,-90369.07202,-44431.25437,-458.0,-452.9,-445.8,-436.7,-425.8
EST,19554.72275,8912.650993,4120.874691,1935.91234,925.4398487,11805.76772,5364.567415,2481.851276,1172.103571,566.456214,-39.6,-39.8,-39.8,-39.5,-38.8,11805.76772,5364.567415,2481.851276,1172.103571,566.456214,-39.6,-39.8,-39.8,-39.5,-38.8
ETH,-502462.6823,-820953.5124,-1475867.89,-2949301.791,-6478467.768,1364196.577,1670371.655,2496349.488,4545991.781,9602666.259,371.5,303.5,269.1,254.1,248.2,1453695.316,1795361.099,2701675.702,4941443.138,10470750.81,389.3,318.7,283.1,267.5,261.6
FIN,18049.39647,7926.055885,3503.793289,1558.766679,697.6722014,-127612.1946,-47336.45749,-17627.17371,-6589.834956,-2473.298283,-807,-697.2,-603.1,-522.8,-454.5,-127612.1946,-47336.45749,-17627.17371,-6589.834956,-2473.298283,-807.0,-697.2,-603.1,-522.8,-454.5
FJI,-12073.66453,-14473.73017,-18293.61835,-24322.76095,-33866.21019,-4647.341437,-5098.189315,-5856.790578,-7081.389223,-9038.59565,61.5,64.8,68,70.9,73.3,-4647.341437,-5098.189315,-5856.790578,-7081.389223,-9038.59565,61.5,64.8,68.0,70.9,73.3
FRA,171948.7453,78229.69445,36059.08884,16834.73052,7956.796733,-1506169.727,-626863.9488,-262277.9003,-110343.301,-46690.44857,-975.9,-901.3,-827.4,-755.5,-686.8,-1506169.727,-626863.9488,-262277.9003,-110343.301,-46690.44857,-975.9,-901.3,-827.4,-755.5,-686.8
GAB,-3911.969094,-1499.996483,-661.9554382,-346.081264,-211.4751808,3342.647648,1515.789457,865.1227505,546.7231086,360.4554183,185.4,201.1,230.7,258,270.4,4725.146666,2109.861218,1161.501188,713.4179887,462.8238638,220.8,240.7,275.5,306.1,318.9
GBR,315472.2626,138227.0864,61257.57455,27447.68184,12428.51867,-1268606.28,-493386.9007,-192040.5085,-74760.07985,-29083.84927,-502.1,-456.9,-413.5,-372.4,-334,-1268606.28,-493386.9007,-192040.5085,-74760.07985,-29083.84927,-502.1,-456.9,-413.5,-372.4,-334.0
GEO,36781.24888,27573.25326,22059.33672,18830.63941,17076.11025,75461.09972,57803.2212,46977.5246,40445.00604,36722.08709,105.2,109.6,113,114.8,115,75815.62487,58221.89344,47472.8844,41032.18155,37419.34889,106.1,111.2,115.2,117.9,119.1
GHA,120717.8321,82163.59977,65411.19686,61965.88749,66901.95774,275899.7063,234384.9058,242692.6321,298348.5661,412283.5879,128.5,185.3,271,381.5,516.3,306270.9506,263444.3495,274396.5278,337038.3216,463655.2436,153.7,220.6,319.5,443.9,593.0
GIN,33461.43585,24881.05284,22318.51781,23516.12478,26501.93002,87710.84241,84154.61703,100828.7872,143446.0223,227373.3083,162.1,238.2,351.8,510,757.9,92081.17387,88808.52569,106458.3503,151042.2723,238528.3214,175.2,256.9,377.0,542.3,800.0
GMB,2539.938113,-1586.110374,-9805.914545,-29286.0688,-79904.43899,14819.21686,17151.31867,24244.04935,41578.98789,81625.50269,483.4,1181.3,347.2,242,202.2,15084.32146,17527.92344,24837.6242,42621.79109,83656.60741,493.9,1205.1,353.3,245.5,204.7
GNB,7415.232134,7384.043132,8817.047649,12813.01653,21434.74098,15872.81897,20103.17606,31867.76748,60839.46972,130978.8361,114.1,172.3,261.4,374.8,511.1,16782.18251,21577.78107,34647.11482,66751.6792,144717.6527,126.3,192.2,293.0,421.0,575.2
GNQ,-4683.829582,-1850.395862,-841.1410456,-439.4724823,-257.7117237,902.6648525,409.8312901,239.6451366,150.4089611,94.63049088,119.3,122.1,128.5,134.2,136.7,984.0144698,431.216941,242.3500359,147.6293476,90.6435037,121.0,123.3,128.8,133.6,135.2
GRC,510223.5794,294974.1019,174898.0471,106380.8836,66341.28706,347755.3098,206622.5533,126047.5995,78878.22385,50552.84501,-31.8,-30,-27.9,-25.9,-23.8,347755.3098,206622.5533,126047.5995,78878.22385,50552.84501,-31.8,-30.0,-27.9,-25.9,-23.8
GTM,136874.2453,115483.8118,97120.12906,80980.08878,66293.92593,279659.4714,274161.8781,280744.1898,301640.2753,340518.4122,104.3,137.4,189.1,272.5,413.6,280292.9841,274879.4073,281604.7736,302728.5194,341958.2046,104.8,138.0,190.0,273.8,415.8
GUY,-22820.81004,-4250.629575,-838.0906581,-174.8819608,-38.4868457,-3048.492746,-516.2945078,-91.29261325,-16.96472887,-3.331676297,86.6,87.9,89.1,90.3,91.3,-3203.066091,-549.2094394,-98.62830198,-18.66588252,-3.739732239,86.0,87.1,88.2,89.3,90.3
HND,96998.89292,94314.67536,90881.4307,85415.348,75543.10629,160077.7096,177374.1551,205637.7548,251044.7477,323803.1984,65,88.1,126.3,193.9,328.6,161070.3886,178822.0691,207895.5583,254753.2985,330128.4505,66.1,89.6,128.8,198.3,337.0
HRV,310789.937,131531.4098,57729.29018,26375.3933,12573.36084,416820.7592,177088.9823,78067.04256,35836.36003,17165.24689,34.1,34.6,35.2,35.9,36.5,416820.7592,177088.9823,78067.04256,35836.36003,17165.24689,34.1,34.6,35.2,35.9,36.5
HTI,-63861.79933,-106307.0124,-186252.1977,-342909.8312,-660845.0607,4700.773312,11178.1949,27373.60424,66233.28943,157331.371,107.4,110.5,114.7,119.3,123.8,6416.221817,14615.79247,34627.2922,82167.25028,193417.0724,110.0,113.7,118.6,124.0,129.3
HUN,186872.9787,112209.4963,69017.63484,43458.48209,27982.60905,200196.8841,124253.7884,78918.03435,51227.85099,33931.58083,7.1,10.7,14.3,17.9,21.3,200196.8841,124253.7884,78918.03435,51227.85099,33931.58083,7.1,10.7,14.3,17.9,21.3
IDN,-276889.6925,-397778.6186,-481785.8296,-550306.7906,-616719.1303,530433.6138,389833.684,303038.1861,248410.3708,213008.354,291.6,198,162.9,145.1,134.5,557333.3323,423381.2626,345031.704,301165.5919,279514.4069,301.3,206.4,171.6,154.7,145.3
IND,127050491.4,126219475.3,132664248.5,148432788.4,177182806.7,117038496.3,115396849.4,120195983.1,133083976.9,157027909.6,-7.9,-8.6,-9.4,-10.3,-11.4,134054752.1,131712324.9,136099428.3,148642563.9,171910059.8,5.5,4.4,2.6,0.1,-3.0
IRL,10736.1733,3103.778698,907.5758462,268.5156859,80.39180521,-129391.9571,-36111.43716,-10141.89428,-2867.41274,-816.4162242,-1305.2,-1263.5,-1217.5,-1167.9,-1115.5,-129391.9571,-36111.43716,-10141.89428,-2867.41274,-816.4162242,-1305.2,-1263.5,-1217.5,-1167.9,-1115.5
IRN,2130989.768,1908625.057,1742103.208,1620249.644,1533027.795,2284856.845,2113428.741,2015834.92,1988481.76,2032156.276,7.2,10.7,15.7,22.7,32.6,2297194.483,2132570.2,2045597.242,2034856.967,2104568.071,7.8,11.7,17.4,25.6,37.3
IRQ,1388643.783,1409052.925,1429893.411,1449837.999,1466837.366,1597422.77,1665088.2,1747984.858,1849832.545,1975442.961,15,18.2,22.2,27.6,34.7,1600370.457,1669399.259,1754291.907,1859062.654,1988955.114,15.2,18.5,22.7,28.2,35.6
ISL,-914.6553871,-329.5679062,-119.5251809,-43.63752522,-16.03921657,-93430.55565,-33207.63364,-11888.76566,-4289.41654,-1560.360841,-10114.8,-9976.1,-9846.7,-9729.7,-9628.4,-93430.55565,-33207.63364,-11888.76566,-4289.41654,-1560.360841,-10114.8,-9976.1,-9846.7,-9729.7,-9628.4
ISR,72015.42599,26078.77791,9368.980073,3329.404264,1165.253436,107324.8652,41717.95229,16329.67545,6442.241451,2563.770607,49,60,74.3,93.5,120,108812.6457,42464.01962,16704.04744,6630.22152,2658.220222,51.1,62.8,78.3,99.1,128.1
ITA,673788.2997,300974.3897,137898.6811,64782.47768,31170.97426,-264629.4764,-77053.06412,-15949.9759,1511.129365,4874.017811,-139.3,-125.6,-111.6,-97.7,-84.4,-264629.4764,-77053.06412,-15949.9759,1511.129365,4874.017811,-139.3,-125.6,-111.6,-97.7,-84.4
JAM,-24929.39524,-19267.88697,-16005.57479,-14313.23831,-13721.97087,-9968.193214,-6084.25828,-3563.842155,-1855.978644,-629.3820468,60,68.4,77.7,87,95.4,-9630.457846,-5734.64913,-3174.916015,-1400.104304,-75.14203475,61.4,70.2,80.2,90.2,99.5
JOR,662076.0402,714615.7693,775013.4459,844586.8849,924791.7521,690997.5016,753805.0805,828775.4527,919148.1399,1029190.63,4.4,5.5,6.9,8.8,11.3,691450.5344,754516.0487,829891.6573,920901.2493,1031945.139,4.4,5.6,7.1,9.0,11.6
JPN,595830.1111,242075.4286,99742.67007,41668.65675,17641.78376,-1619041.217,-631383.4397,-248947.1653,-99260.8592,-40025.21114,-371.7,-360.8,-349.6,-338.2,-326.9,-1619041.217,-631383.4397,-248947.1653,-99260.8592,-40025.21114,-371.7,-360.8,-349.6,-338.2,-326.9
KAZ,-69078.57233,-53476.59318,-41050.83875,-31455.5992,-24161.79837,172560.046,104781.3629,65296.41604,41868.99847,27675.77984,349.8,295.9,259.1,233.1,214.5,172424.2876,104660.8477,65189.33783,41773.77661,27591.0298,349.6,295.7,258.8,232.8,214.2
KEN,-480783.6604,-476966.0947,-548936.786,-739532.33,-1142139.328,420726.1585,407112.8292,483542.0859,688706.1881,1111308.778,187.5,185.4,188.1,193.1,197.3,491137.1617,489434.8201,595026.5314,859888.8366,1400360.817,202.2,202.6,208.4,216.3,222.6
KGZ,152563.0567,195020.2849,247306.0483,308255.8081,371116.2358,220321.6922,303038.0631,425111.4473,610330.25,899998.2461,44.4,55.4,71.9,98,142.5,222671.0681,306623.2054,430681.9565,619138.5279,914161.0033,46.0,57.2,74.1,100.9,146.3
KHM,212380.2785,310127.1452,419381.9119,457918.4856,122144.5811,338528.2651,586966.9257,1055239.444,1979008.886,3890954.824,59.4,89.3,151.6,332.2,3085.5,339178.5786,589096.0524,1062060.68,2000572.166,3958557.329,59.7,90.0,153.2,336.9,3140.9
KOR,494113.7663,228802.4356,107694.8541,51525.23816,25051.32509,-115545.0731,-38027.59303,-10625.77791,-1663.174654,801.3808029,-123.4,-116.6,-109.9,-103.2,-96.8,-115545.0731,-38027.59303,-10625.77791,-1663.174654,801.3808029,-123.4,-116.6,-109.9,-103.2,-96.8
KWT,54337.80028,19272.42564,6812.124286,2388.694264,824.7430236,66530.65439,25023.02569,9546.612577,3698.87347,1456.880923,22.4,29.8,40.1,54.8,76.6,66791.8499,25163.96342,9622.692767,3739.959758,1479.078288,22.9,30.6,41.3,56.6,79.3
LAO,221558.8636,389589.0926,713009.281,1365968.997,2750384.841,285411.468,521353.789,996251.2966,1997964.546,4207628.313,28.8,33.8,39.7,46.3,53,288176.1172,529141.1289,1018277.027,2060512.582,4385941.764,30.1,35.8,42.8,50.8,59.5
LBN,203764.8222,188142.5706,177151.9186,170203.4113,166775.6376,209840.594,197139.2215,190233.181,189097.4957,194052.4125,3,4.8,7.4,11.1,16.4,210206.8483,197730.0786,191188.2979,190644.4769,196562.8369,3.2,5.1,7.9,12.0,17.9
LBR,262709.1081,387981.606,634840.7689,1187788.535,2567069.878,295161.0002,455311.3091,797868.7968,1633787.77,3893029.601,12.4,17.4,25.7,37.5,51.7,306943.4439,477589.4358,845741.4719,1749333.651,4198385.464,16.8,23.1,33.2,47.3,63.5
LBY,173182.1975,108760.2676,66571.39497,38276.62014,18647.87462,231195.634,158516.4005,111236.6323,80070.43928,59198.9455,33.5,45.7,67.1,109.2,217.5,231180.6644,158498.1051,111214.2252,80042.94287,59165.14242,33.5,45.7,67.1,109.1,217.3
LCA,-2223.680954,-1306.287991,-817.5447048,-544.8630816,-384.8915033,-1038.884104,-529.948449,-276.2171966,-146.5416695,-78.5269113,53.3,59.4,66.2,73.1,79.6,-1038.884104,-529.948449,-276.2171966,-146.5416695,-78.5269113,53.3,59.4,66.2,73.1,79.6
LKA,497785.782,435783.853,425957.3345,468300.6002,574314.9729,613357.4907,540725.1419,532555.9654,589532.8761,726359.4649,23.2,24.1,25,25.9,26.5,689581.3757,632732.3745,655481.0962,767734.817,1001194.668,38.5,45.2,53.9,63.9,74.3
LSO,117063.6492,158363.0151,265540.4295,535712.7534,1227903.981,134823.9036,182661.0342,304863.547,608465.1607,1374151.54,15.2,15.3,14.8,13.6,11.9,123287.3071,156729.9129,244801.9786,465654.2269,1027218.918,5.3,-1.0,-7.8,-13.1,-16.3
LTU,70002.40325,34898.61667,17889.63528,9435.615626,5119.648749,69923.60615,35650.20042,18718.01703,10120.41087,5629.630874,-0.1,2.2,4.6,7.3,10,69923.60615,35650.20042,18718.01703,10120.41087,5629.630874,-0.1,2.2,4.6,7.3,10.0
LUX,1450.191854,409.955095,116.8012058,33.52375778,9.687898209,-16753.29859,-4297.175103,-1106.419635,-286.0005669,-74.22933246,-1255.2,-1148.2,-1047.3,-953.1,-866.2,-16753.29859,-4297.175103,-1106.419635,-286.0005669,-74.22933246,-1255.2,-1148.2,-1047.3,-953.1,-866.2
LVA,66602.24481,35505.03103,19426.42696,10920.78676,6309.807728,66506.93914,35902.65014,19926.05452,11378.55121,6684.844385,-0.1,1.1,2.6,4.2,5.9,66506.93914,35902.65014,19926.05452,11378.55121,6684.844385,-0.1,1.1,2.6,4.2,5.9
MAR,770537.786,571810.1306,403505.6094,245205.9209,75222.14775,975737.5181,799745.4764,672781.739,580844.7393,512727.5946,26.6,39.9,66.7,136.9,581.6,976795.4718,801277.7964,675076.2373,584364.4848,518221.5278,26.8,40.1,67.3,138.3,588.9
MDA,22274.96163,17406.98648,14856.44944,14028.46271,14694.4619,55784.52342,51556.12605,51996.80467,56695.30971,65953.99156,150.4,196.2,250,304.1,348.8,55784.52342,51556.12605,51996.80467,56695.30971,65953.99156,150.4,196.2,250.0,304.1,348.8
MDG,4005539.967,6672964.47,12396798.81,26761089.44,68442589.43,4483264.789,7592575.006,14461164.36,32225888.74,85099416.28,11.9,13.8,16.7,20.4,24.3,4578322.602,7844893.387,15215349.84,34705878.97,93852935.56,14.3,17.6,22.7,29.7,37.1
MDV,-1985.545334,-919.3401013,-463.1394455,-254.4473586,-151.6757864,1245.078978,600.0376011,335.7372858,211.1690273,143.5599849,162.7,165.3,172.5,183,194.6,1877.523687,961.7292717,561.3616534,362.2242266,250.3690336,194.6,204.6,221.2,242.4,265.1
MEX,547779.5959,383049.3025,279849.0099,213116.4824,168455.9664,627017.6084,499030.2711,408805.6094,342942.4411,293328.1393,14.5,30.3,46.1,60.9,74.1,627017.6084,499030.2711,408805.6094,342942.4411,293328.1393,14.5,30.3,46.1,60.9,74.1
MKD,159326.7062,122174.1148,96765.28743,79262.71573,67147.8319,185258.8363,141877.7291,112193.2737,91725.07628,77533.18604,16.3,16.1,15.9,15.7,15.5,185258.8363,141877.7291,112193.2737,91725.07628,77533.18604,16.3,16.1,15.9,15.7,15.5
MLI,-43415.89983,-126166.3823,-315801.4155,-786283.4382,-2025882.429,103930.579,125022.8305,183274.1049,337288.4391,735958.6918,339.4,199.1,158,142.9,136.3,102396.0151,121013.8267,172906.0612,310346.6822,665237.46,335.8,195.9,154.8,139.5,132.8
MLT,291.2371595,83.06930659,20.37335836,3.100381968,-0.785493516,-3155.048666,-1282.245393,-528.6039463,-220.9804332,-93.63317651,-1183.3,-1643.6,-2694.6,-7227.5,-11820.3,-3155.048666,-1282.245393,-528.6039463,-220.9804332,-93.63317651,-1183.3,-1643.6,-2694.6,-7227.5,-11820.3
MMR,330653.2988,667741.2494,1434529.959,3303272.586,8182623.261,541141.5143,1179973.865,2755158.702,6880813.724,18275364.21,63.7,76.7,92.1,108.3,123.3,677431.8592,1548906.937,3807613.975,10023801.35,28032551.93,104.9,132.0,165.4,203.5,242.6
MNE,33963.04771,21509.83184,14115.35271,9600.802658,6760.800421,38771.57652,24514.3377,16054.05515,10892.84071,7649.216672,14.2,14,13.7,13.5,13.1,38771.57652,24514.3377,16054.05515,10892.84071,7649.216672,14.2,14.0,13.7,13.5,13.1
MNG,14255.26306,8193.789057,2097.638915,-4300.401535,-11304.98832,59472.44926,54528.62251,50705.14471,47906.20295,46074.76544,317.2,565.5,2317.2,1214,507.6,59520.83433,54595.42395,50797.40425,48033.66789,46250.93352,317.5,566.3,2321.6,1217.0,509.1
MOZ,-697.7436571,-167120.0705,-700939.1831,-2448620.488,-8372506.466,388981.7595,640232.8695,1263245.698,3026767.182,8440879.907,55848.5,483.1,280.2,223.6,200.8,129744.451,-125444.3931,-1133422.21,-4789255.289,-17819678.06,18694.9,24.9,-61.7,-95.6,-112.8
MRT,-30926.14482,-29309.76515,-32443.28905,-41633.35848,-60115.24575,-5710.800156,-3933.878453,-2102.727769,-176.969215,1859.603199,81.5,86.6,93.5,99.6,103.1,-6368.744138,-4790.8623,-3331.226261,-2056.412085,-1150.482085,79.4,83.7,89.7,95.1,98.1
MUS,4976.0619,4467.278864,3658.587543,3029.732966,2597.065247,20822.78525,10634.8391,6560.262938,4629.555627,3573.008259,318.5,138.1,79.3,52.8,37.6,21921.39184,11629.75541,7480.009895,5496.552907,4405.226887,340.5,160.3,104.5,81.4,69.6
MWI,181367.0126,115376.653,-433614.9234,-2919645.836,-12859207.92,599700.681,1122067.792,2277147.698,5203658.169,13696168.56,230.7,872.5,625.2,278.2,206.5,370072.6075,354529.3767,-385114.2677,-4295429.074,-20928956.73,104.0,207.3,11.2,-47.1,-62.8
MYS,185458.8209,122748.185,77782.23144,44835.24676,19959.94824,506994.0526,414594.7276,351932.1106,310709.1738,285315.8678,173.4,237.8,352.5,593,1329.4,520926.6712,430913.1766,371186.9008,333583.5056,312660.1866,180.9,251.1,377.2,644.0,1466.4
NER,338108.2021,417197.6788,329981.1293,-480560.5691,-3983842.68,575525.2241,941801.759,1616189.107,2997735.828,6208475.933,70.2,125.7,389.8,723.8,255.8,571608.4442,929976.781,1579091.244,2877817.085,5811609.228,69.1,122.9,378.5,698.8,245.9
NGA,-3041.709862,-293513.167,-628210.6645,-1113304.214,-1928900.732,1561963.615,1414801.326,1513494.065,1913318.227,2745138.88,51451.5,582,340.9,271.9,242.3,1608438.307,1457942.097,1556198.633,1958562.863,2796342.722,52979.4,596.7,347.7,275.9,245.0
NIC,44216.00266,37047.81617,22394.07844,-7543.977988,-68485.0461,81346.48846,91329.75454,106836.5451,131152.4033,169823.9317,84,146.5,377.1,1838.5,348,81369.16006,91351.77948,106858.012,131173.397,169844.5342,84.0,146.6,377.2,1838.8,348.0
NLD,54797.51022,21556.59087,8572.186825,3443.312941,1396.074403,-319406.3179,-104186.614,-33983.1162,-11067.77358,-3591.656623,-682.9,-583.3,-496.4,-421.4,-357.3,-319406.3179,-104186.614,-33983.1162,-11067.77358,-3591.656623,-682.9,-583.3,-496.4,-421.4,-357.3
NOR,-10832.98173,-2948.519487,-788.3223507,-205.1284161,-51.11140365,-1362908.929,-405863.2834,-121661.7824,-36727.67546,-11171.1217,-12481.1,-13665,-15333,-17804.7,-21756.4,-1361672.858,-405479.591,-121540.4514,-36688.56749,-11158.2739,-12469.7,-13652.0,-15317.6,-17785.7,-21731.3
NPL,8685932.499,13665258.16,22777425.78,40872528.62,80029979.26,7533552.051,11804794.71,19563020.76,34825619.88,67494906.27,-13.3,-13.6,-14.1,-14.8,-15.7,9108122.911,14493583.04,24569239.06,45119179.24,90893201.32,4.9,6.1,7.9,10.4,13.6
NZL,-43793.24261,-16721.65913,-6484.376654,-2555.386864,-1023.766502,-443923.136,-168868.0799,-65218.17285,-25593.10033,-10210.55107,-913.7,-909.9,-905.8,-901.5,-897.4,-443923.136,-168868.0799,-65218.17285,-25593.10033,-10210.55107,-913.7,-909.9,-905.8,-901.5,-897.4
OMN,48473.86298,19151.30899,7364.984735,2697.123002,895.5451867,54917.13108,23036.7884,9681.477856,4069.857428,1706.828103,13.3,20.3,31.5,50.9,90.6,56645.69309,23971.01695,10196.33189,4358.673976,1871.442861,16.9,25.2,38.4,61.6,109.0
PAK,14170050.66,17418639.27,23288207.02,34520010.7,57179966.91,15953894.46,19821968.86,26825454.48,40233294.3,67228841.87,12.6,13.8,15.2,16.6,17.6,18974168.9,24402577.05,34607016.57,54919409.89,97441407.66,33.9,40.1,48.6,59.1,70.4
PAN,-24341.81187,-13467.85238,-7826.112583,-4762.886338,-3021.260585,3938.840315,2301.495634,1431.74727,929.5380849,619.8948984,116.2,117.1,118.3,119.5,120.5,4065.421424,2382.280676,1487.024321,969.2796915,649.4223244,116.7,117.7,119.0,120.4,121.5
PER,-151073.972,-128185.9561,-112343.6724,-101597.8956,-94632.30645,-78999.06212,-60888.44003,-48313.20071,-39588.13667,-33583.75126,47.7,52.5,57,61,64.5,-76253.74647,-58300.2268,-45787.0395,-37048.22829,-30965.52024,49.5,54.5,59.2,63.5,67.3
PHL,1065728.341,1244625.386,1319507.222,1078448.97,39788.6399,2183442.991,3153435.679,4684978.069,7190668.919,11441276.46,104.9,153.4,255.1,566.8,28655.1,2210345.388,3213168.581,4818072.309,7488242.042,12108818.32,107.4,158.2,265.1,594.4,30332.9
PNG,36764.36251,11458.83096,-55564.55118,-212076.1964,-558139.029,123956.1435,160088.4254,206526.1397,264628.6427,333066.4668,237.2,1297.1,471.7,224.8,159.7,123956.1435,160088.4254,206526.1397,264628.6427,333066.4668,237.2,1297.1,471.7,224.8,159.7
POL,599797.521,363582.5356,226119.9816,144150.6717,94061.57712,593022.3477,376122.1506,244074.0529,161794.8382,109364.273,-1.1,3.4,7.9,12.2,16.3,593022.3477,376122.1506,244074.0529,161794.8382,109364.273,-1.1,3.4,7.9,12.2,16.3
PRT,90392.3185,46531.99233,24370.66583,13006.46506,7082.685871,-132815.0521,-69146.97793,-36498.78264,-19547.18288,-10628.06929,-246.9,-248.6,-249.8,-250.3,-250.1,-132815.0521,-69146.97793,-36498.78264,-19547.18288,-10628.06929,-246.9,-248.6,-249.8,-250.3,-250.1
PRY,-16666.50763,-24825.35036,-33863.18618,-44347.79293,-56980.74186,5754.638957,1695.335244,-1999.305563,-5511.084128,-9021.511947,134.5,106.8,94.1,87.6,84.2,5927.744198,1940.617026,-1651.174728,-5016.171353,-8316.803003,135.6,107.8,95.1,88.7,85.4
QAT,26405.07824,5838.797671,1227.629352,231.7281476,32.34295134,33406.55118,8278.052225,2078.818749,529.7527793,137.1405455,26.5,41.8,69.3,128.6,324,33571.06184,8342.418448,2104.023456,539.630581,141.0148089,27.1,42.9,71.4,132.9,336.0
ROU,717761.0336,449106.6021,291012.92,195046.0111,134914.4754,788006.0422,496611.6935,324265.3028,219040.6868,152689.0866,9.8,10.6,11.4,12.3,13.2,788006.0422,496611.6935,324265.3028,219040.6868,152689.0866,9.8,10.6,11.4,12.3,13.2
RUS,269168.9732,99983.90284,10569.70813,-33732.75283,-52991.111,338048.9101,171965.8125,80197.9895,30912.34869,5628.606705,25.6,72,658.8,191.6,110.6,338048.9101,171965.8125,80197.9895,30912.34869,5628.606705,25.6,72.0,658.8,191.6,110.6
RWA,46710.43484,67656.71088,126845.7126,292490.6608,756798.1703,308345.4722,469778.2445,851366.7616,1827592.553,4471035.62,560.1,594.4,571.2,524.8,490.8,342611.2266,530958.7367,976134.6813,2113160.455,5184931.588,633.5,684.8,669.5,622.5,585.1
SAU,267379.785,107016.8758,40526.80149,13715.67703,3425.44022,369433.965,168031.123,77150.50154,35796.17418,16799.33043,38.2,57,90.4,161,390.4,373632.2939,170814.8013,78998.25721,37024.02858,17616.13755,39.7,59.6,94.9,169.9,414.3
SDN,42792.04912,-71325.57573,-319857.9046,-945266.1679,-2664363.606,993646.7977,1347357.357,2224348.947,4463559.884,10388337.54,2222,1989,795.4,572.2,489.9,1012528.842,1383947.274,2312427.469,4712801.291,11164852.16,2266.2,2040.3,823.0,598.6,519.0
SEN,-77435.54769,-93273.09919,-125767.7206,-190596.0656,-319776.3354,20698.58015,21164.43469,31363.78046,55414.36868,102052.2704,126.7,122.7,124.9,129.1,131.9,20542.97952,20295.67042,29178.43293,50658.1181,92108.51536,126.5,121.8,123.2,126.6,128.8
SGP,-45389.63181,-13119.05866,-3970.571179,-1258.532582,-416.8734708,3773.080758,2692.826519,1350.938751,605.9499652,259.3526746,108.3,120.5,134,148.1,162.2,4592.576982,3055.998763,1512.430981,677.9984581,291.5997265,110.1,123.3,138.1,153.9,169.9
SLB,-4527.43202,-12497.96052,-33280.83993,-87186.44983,-227094.1448,3115.843844,4523.421719,5777.610202,4965.771787,-4155.630295,168.8,136.2,117.4,105.7,98.2,3115.843844,4523.421719,5777.610202,4965.771787,-4155.630295,168.8,136.2,117.4,105.7,98.2
SLE,112421.5154,160143.1643,258429.3713,483482.027,1034205.856,150431.3711,238809.8748,453019.1637,1035135.642,2745172.794,33.8,49.1,75.3,114.1,165.4,155193.4744,248344.7452,474675.2144,1089884.42,2895249,38.0,55.1,83.7,125.4,179.9
SLV,7986.52649,8747.425875,10211.49528,12462.07103,15708.25549,39883.80717,39157.47337,41358.05918,46383.15718,54541.54885,399.4,347.6,305,272.2,247.2,40321.36979,39691.47638,42048.51871,47309.78373,55815.44807,404.9,353.8,311.8,279.6,255.3
SOM,-116459.0892,-164202.4036,-266573.4687,-505753.7664,-1105388.224,73553.76742,116041.4663,227734.6821,528684.9649,1362553.911,163.2,170.7,185.4,204.5,223.3,82908.20047,134354.627,270111.4969,640403.7349,1684639.172,171.2,181.8,201.3,226.6,252.4
SRB,1919018.785,1296733.091,901776.6983,647661.7504,481799.2648,2417792.11,1635747.383,1139161.186,819472.041,610660.8308,26,26.1,26.3,26.5,26.7,2417792.11,1635747.383,1139161.186,819472.041,610660.8308,26.0,26.1,26.3,26.5,26.7
STP,-861.4480877,-611.2194578,-525.0740087,-542.989338,-648.6139089,-123.2131943,-9.46488822,77.7798509,155.7636023,239.0613906,85.7,98.5,114.8,128.7,136.9,-63.36654926,35.05601667,114.3838582,187.953567,267.8988645,92.6,105.7,121.8,134.6,141.3
SUR,-22143.0258,-8009.084698,-3002.233414,-1167.50285,-470.7728814,-2852.863131,-980.7837524,-346.9284393,-126.6867245,-47.8927697,87.1,87.8,88.4,89.1,89.8,-3078.552863,-1070.92646,-383.9939021,-142.3407595,-54.66533365,86.1,86.6,87.2,87.8,88.4
SVK,120772.8961,68667.00829,39874.46693,23649.34966,14319.60774,139940.751,81721.31938,48770.23,29726.76265,18487.37253,15.9,19,22.3,25.7,29.1,139940.751,81721.31938,48770.23,29726.76265,18487.37253,15.9,19.0,22.3,25.7,29.1
SVN,17858.4631,8908.705409,4498.853701,2301.591305,1193.588873,12252.71583,6495.263705,3498.914731,1914.745763,1063.823092,-31.4,-27.1,-22.2,-16.8,-10.9,12252.71583,6495.263705,3498.914731,1914.745763,1063.823092,-31.4,-27.1,-22.2,-16.8,-10.9
SWE,22997.22039,9925.766697,4301.463014,1871.319196,817.0987349,-298277.9811,-112801.916,-42822.65841,-16322.45387,-6248.075669,-1397,-1236.5,-1095.5,-972.2,-864.7,-297697.3957,-112596.4714,-42749.95373,-16296.72215,-6238.96785,-1394.5,-1234.4,-1093.8,-970.9,-863.6
TCD,41633.95536,1372.79465,-102799.3177,-385240.071,-1183594.692,143334.8848,179493.573,260725.1186,456116.1518,944643.3677,244.3,12975,353.6,218.4,179.8,142607.8762,177589.8669,255778.3552,443291.983,911422.4142,242.5,12836.4,348.8,215.1,177.0
THA,322056.6216,273521.2702,244308.6464,231752.4258,235730.575,815282.2553,810220.2756,861855.4464,977414.216,1173071.712,153.1,196.2,252.8,321.7,397.6,845391.9784,849770.1123,915884.3675,1053582.052,1283159.467,162.5,210.7,274.9,354.6,444.3
TJK,350224.4767,551158.2303,871117.0426,1380324.826,2185723.111,412478.0964,667092.6632,1094476.955,1825806.148,3104856.778,17.8,21,25.6,32.3,42.1,435919.6694,713857.4457,1190085.363,2025957.186,3533399.498,24.5,29.5,36.6,46.8,61.7
TKM,17245.71452,5517.364388,-940.0152822,-4370.708662,-6075.924161,87373.2111,56662.47539,37480.20747,25346.23521,17562.4289,406.6,927,4087.2,679.9,389,87801.42071,57069.66105,37868.68537,25718.07103,17919.46862,409.1,934.4,4128.5,688.4,394.9
TLS,39856.31677,68184.30836,111666.9892,167869.2986,205203.2346,56073.20022,105281.6773,198613.5185,376446.5773,716574.1424,40.7,54.4,77.9,124.2,249.2,56080.66906,105303.597,198677.9344,376636.1288,717132.6578,40.7,54.4,77.9,124.4,249.5
TON,-1433.563607,-1776.133018,-2327.406697,-3220.670625,-4686.459185,-611.2719022,-687.54748,-809.6833153,-1004.263122,-1317.401021,57.4,61.3,65.2,68.8,71.9,-611.2719022,-687.54748,-809.6833153,-1004.263122,-1317.401021,57.4,61.3,65.2,68.8,71.9
TTO,-12322.36464,-4886.856927,-2131.504985,-1016.114492,-522.6280849,-5804.109662,-1963.033162,-707.9618317,-275.3389701,-116.6913384,52.9,59.8,66.8,72.9,77.7,-5786.505667,-1951.61189,-700.4937732,-270.4188451,-113.4263152,53.0,60.1,67.1,73.4,78.3
TUN,325477.3318,259190.6938,204970.4878,156406.414,106850.1142,395189.0478,336810.2112,296831.8141,271027.3609,256290.8473,21.4,29.9,44.8,73.3,139.9,394688.0066,336245.4176,296184.7863,270278.6129,255421.8664,21.3,29.7,44.5,72.8,139.0
TUR,1689231.808,1050671.879,671477.1455,441307.1103,298237.233,1414668.189,893225.9622,579823.9518,387013.2833,265415.041,-16.3,-15,-13.6,-12.3,-11,1422894.531,900305.4716,585919.6416,392264.5379,269941.1077,-15.8,-14.3,-12.7,-11.1,-9.5
TZA,-2810.939753,-161457.1983,-488588.4048,-1215623.561,-2938995.173,877489.8559,1209279.012,1957803.137,3734884.243,8097641.788,31317,849,500.7,407.2,375.5,389179.2715,55969.05444,-832382.6384,-3161658.281,-9262945.895,13945.2,134.7,-70.4,-160.1,-215.2
UGA,1496368.687,2243700.107,3736447.014,7127220.754,15671541.52,2610339.352,4100207.327,7210738.66,14538894.21,33546168.03,74.4,82.7,93,104,114.1,2821547.636,4514989.541,8123414.766,16763396.22,39425203.09,88.6,101.2,117.4,135.2,151.6
UKR,1274317.413,1347970.5,1479475.656,1694598.667,2034512.143,1786474.704,1972471.792,2267982.356,2723566.217,3418584.629,40.2,46.3,53.3,60.7,68,1787868.383,1974658.381,2271419.495,2728979.331,3427125.659,40.3,46.5,53.5,61.0,68.4
URY,-3426.353828,-513.3170991,327.0009945,477.7690994,423.5558847,5762.810219,4216.163133,2836.923083,1845.882209,1186.725872,268.2,921.4,767.6,286.4,180.2,6330.413369,4609.330293,3109.988877,2036.026332,1319.462325,284.8,997.9,851.1,326.2,211.5
USA,-859657.1948,-326127.498,-122611.6927,-45557.11403,-16662.30688,-20109105.65,-8267617.978,-3409666.183,-1410691.545,-585575.7313,-2239.2,-2435.1,-2680.9,-2996.5,-3414.4,-20108691.26,-8267420.818,-3409572.38,-1410646.916,-585554.4982,-2239.2,-2435.0,-2680.8,-2996.4,-3414.2
UZB,980970.1415,1184509.783,1454737.369,1820834.114,2327251.538,1275987.108,1591207.023,2034456.754,2675342.101,3628202.188,30.1,34.3,39.9,46.9,55.9,1339420.532,1685487.165,2177502.679,2896712.84,3977271.042,36.5,42.3,49.7,59.1,70.9
VCT,-1066.255266,-685.8703558,-478.2200676,-361.1603044,-293.2452773,-427.9920501,-233.1774428,-131.5617074,-77.48791042,-48.22558045,59.9,66,72.5,78.5,83.6,-427.9920501,-233.1774428,-131.5617074,-77.48791042,-48.22558045,59.9,66.0,72.5,78.5,83.6
VNM,5621390.605,6647762.601,8379696.538,11305860.47,16312718.64,6743528.11,8063212.715,10271992.63,13976725.88,20265861.9,20,21.3,22.6,23.6,24.2,6804465.056,8184170.372,10513071.27,14459119.48,21234813.36,21.0,23.1,25.5,27.9,30.2
VUT,-330.3845847,-1835.776952,-5451.330565,-13752.72327,-32399.36832,3307.710763,4796.90742,7010.831014,10332.94705,15361.07663,1101.2,361.3,228.6,175.1,147.4,3319.22792,4824.787848,7078.393189,10496.83676,15759.03451,1104.7,362.8,229.8,176.3,148.6
WSM,-2220.243676,-2738.114427,-3594.541461,-5009.841004,-7370.636003,-891.2773536,-992.6019629,-1164.959877,-1450.416936,-1923.427895,59.9,63.7,67.6,71,73.9,-891.2773536,-992.6019629,-1164.959877,-1450.416936,-1923.427895,59.9,63.7,67.6,71.0,73.9
ZAF,-460841.6277,-386431.5571,-333025.3339,-294759.1846,-267577.9746,-167291.056,-113445.2824,-75312.46244,-47983.36073,-28104.12745,63.7,70.6,77.4,83.7,89.5,-145049.8101,-90779.50354,-51773.06669,-23157.89422,-1594.007844,68.5,76.5,84.5,92.1,99.4
ZMB,-201622.1939,-296513.0971,-477145.8823,-841467.3074,-1610443.714,97903.64694,115395.8999,169326.2835,304261.6016,620741.4979,148.6,138.9,135.5,136.2,138.5,-83260.3837,-235979.1764,-547939.5708,-1214620.625,-2682260.851,58.7,20.4,-14.8,-44.3,-66.6
ZWE,-97957.9676,-85212.119,-87217.64754,-104626.6185,-142628.1521,10593.91775,21074.75314,40694.61861,75179.02197,136537.9383,110.8,124.7,146.7,171.9,195.7,-68482.62016,-92294.97096,-133180.1996,-204596.4066,-330218.9036,30.1,-8.3,-52.7,-95.5,-131.5
