scenario,GCAMRegion,GHG,2020,2030,2050,2100
Efficiency,Africa_Eastern,BC,0.357041512,0.393349262,0.332694246,0.193860909
Efficiency,Africa_Eastern,CH4,8.062301374999999,9.321855176,10.999434171999999,13.615146301
Efficiency,Africa_Eastern,CO,37.19478585,39.416079069,35.497395899,26.340301837
Efficiency,Africa_Eastern,NH3,2.653705194,3.180002871,3.86119754,4.972803423
Efficiency,Africa_Eastern,NMVOC,7.673378371,8.839690651,10.375442887,11.473090178
Efficiency,Africa_Eastern,NOx,2.288699991,2.334618535,2.455738624,2.810881492
Efficiency,Africa_Eastern,OC,1.49898826,1.641883713,1.433087944,0.883941664
Efficiency,Africa_Eastern,PM,2.536298876,2.780577901,2.415279427,1.477283959
Efficiency,Africa_Eastern,SO2,0.486874001,0.467666994,0.5060418560000001,0.38494186799999996
Efficiency,Africa_Northern,BC,0.201387725,0.19930477,0.161051656,0.121949987
Efficiency,Africa_Northern,CH4,9.661538201,10.323776465,12.982171017,12.460566931
Efficiency,Africa_Northern,CO,5.9822723369999995,6.195304471,4.9906563550000005,3.745420734
Efficiency,Africa_Northern,NH3,0.8592338789999999,1.044248576,1.31302032,1.515262721
Efficiency,Africa_Northern,NMVOC,2.723577439,2.962434753,3.371458203,4.662813427000001
Efficiency,Africa_Northern,NOx,3.251198542,6.051480207,3.516308926,1.0312800800000002
Efficiency,Africa_Northern,OC,0.30370992,0.356729592,0.277178939,0.159726782
Efficiency,Africa_Northern,PM,0.655831636,0.729358701,0.5735221739999999,0.36255440499999997
Efficiency,Africa_Northern,SO2,1.2008060889999999,0.9952721689999999,0.736627659,0.379193017
Efficiency,Africa_Southern,BC,0.487571205,0.50117825,0.469854712,0.36747554000000004
Efficiency,Africa_Southern,CH4,11.389029367000001,10.754344777,10.246668224999999,7.238029013999999
Efficiency,Africa_Southern,CO,71.124829736,76.753753663,87.49215243500001,75.843758024
Efficiency,Africa_Southern,NH3,1.685789625,1.813614625,2.014313211,2.233284107
Efficiency,Africa_Southern,NMVOC,14.099496634,14.766908499,16.011922002,15.574464996000001
Efficiency,Africa_Southern,NOx,4.492428898,5.575060187,8.404371,8.360955173
Efficiency,Africa_Southern,OC,2.783073388,2.82097007,2.7270488719999997,2.309812691
Efficiency,Africa_Southern,PM,4.516123271,4.585283275,4.41652007,3.707254582
Efficiency,Africa_Southern,SO2,1.985813721,2.7738019929999997,4.875748378,5.9588878
Efficiency,Africa_Western,BC,0.860942314,0.902652177,0.867668841,0.562429244
Efficiency,Africa_Western,CH4,20.701514697,23.336980542,27.259373993,22.969068528
Efficiency,Africa_Western,CO,115.56423003799999,114.917125613,111.553848671,91.259207759
Efficiency,Africa_Western,NH3,3.81941086,4.406404222,5.490029056,5.998525974
Efficiency,Africa_Western,NMVOC,23.311849878,24.606484088,27.765744787,28.521543425
Efficiency,Africa_Western,NOx,6.021415098,6.089857472,6.662817189,7.067087339
Efficiency,Africa_Western,OC,4.4397269040000005,4.469797387,4.37289362,3.051650362
Efficiency,Africa_Western,PM,7.295846019,7.384727657,7.207673602,4.982531913
Efficiency,Africa_Western,SO2,0.934862061,0.969046541,1.256872949,1.22306106
Efficiency,Argentina,BC,0.057610208999999996,0.0452975,0.033191166,0.022412485
Efficiency,Argentina,CH4,5.078943926,5.371277207,5.87568964,5.198748522
Efficiency,Argentina,CO,5.500364072,4.433210338,3.459395732,2.76934098
Efficiency,Argentina,NH3,0.538728282,0.59714996,0.651627429,0.620196741
Efficiency,Argentina,NMVOC,1.20507761,0.994801854,0.844426028,0.860764537
Efficiency,Argentina,NOx,1.2674598160000001,0.956818179,0.677857618,0.405776577
Efficiency,Argentina,OC,0.21899932,0.189129686,0.167188394,0.149326862
Efficiency,Argentina,PM,0.376539889,0.32028189,0.275589566,0.23819104200000002
Efficiency,Argentina,SO2,0.187190928,0.133040524,0.09473751700000001,0.06271621
Efficiency,Australia_NZ,BC,0.11535556599999999,0.109037056,0.105962996,0.103188739
Efficiency,Australia_NZ,CH4,7.019294654,6.531684998999999,6.779052968999999,5.576866250999999
Efficiency,Australia_NZ,CO,18.101576822,17.277619136,16.908105751,17.164498835
Efficiency,Australia_NZ,NH3,0.969138293,1.184977442,1.420315226,1.4704153439999998
Efficiency,Australia_NZ,NMVOC,3.7512055579999997,3.559806174,3.481544827,3.5206116439999997
Efficiency,Australia_NZ,NOx,2.039988355,1.763866662,1.586610473,1.5670685789999999
Efficiency,Australia_NZ,OC,0.839195122,0.824808046,0.831985249,0.844489339
Efficiency,Australia_NZ,PM,1.326939961,1.299416469,1.306299523,1.321127755
Efficiency,Australia_NZ,SO2,0.912380693,0.548984919,0.3448424,0.23652096499999997
Efficiency,Brazil,BC,0.265665244,0.230668831,0.194119248,0.118183889
Efficiency,Brazil,CH4,19.084431875,18.689943088,18.475454845,14.728399558
Efficiency,Brazil,CO,30.634600275,24.388320504,18.907665090000002,15.90207291
Efficiency,Brazil,NH3,3.355649148,3.3897369250000002,3.343210094,2.703574448
Efficiency,Brazil,NMVOC,7.470759876,6.192539882999999,4.913390165,3.634523237
Efficiency,Brazil,NOx,4.803076635,4.275437908,3.583480504,2.358460505
Efficiency,Brazil,OC,1.168759953,1.05184813,0.9120875789999999,0.595585108
Efficiency,Brazil,PM,1.963558501,1.7578785389999998,1.51781656,0.981689251
Efficiency,Brazil,SO2,1.774784894,1.317146342,0.9085266670000001,0.513107035
Efficiency,Canada,BC,0.090969371,0.094549038,0.066654095,0.054642621
Efficiency,Canada,CH4,5.029416835,5.022780391,5.206130249,3.345815011
Efficiency,Canada,CO,20.524143041000002,20.481629820000002,14.671426068999999,13.06717859
Efficiency,Canada,NH3,0.83135717,0.8867651209999999,0.818423335,0.7729506389999999
Efficiency,Canada,NMVOC,4.660494202,4.797767505,3.9210198359999997,3.410643492
Efficiency,Canada,NOx,1.728138813,1.3298910130000001,0.885430503,0.835139451
Efficiency,Canada,OC,1.1416720150000002,1.199354995,0.9581471149999999,0.8810252909999999
Efficiency,Canada,PM,1.732657288,1.819082049,1.443470911,1.31997264
Efficiency,Canada,SO2,0.8861913610000001,0.604048925,0.372815842,0.269118107
Efficiency,Central America and Caribbean,BC,0.09110665,0.08499540900000001,0.053613215,0.025298395
Efficiency,Central America and Caribbean,CH4,3.601437002,3.772334901,4.040623173,3.7040179330000003
Efficiency,Central America and Caribbean,CO,10.537080122,9.032666247,6.00608353,4.784280076
Efficiency,Central America and Caribbean,NH3,0.7347087419999999,0.8394058769999999,0.960379572,0.9981781829999999
Efficiency,Central America and Caribbean,NMVOC,2.327573832,2.153475592,1.656723274,1.519832369
Efficiency,Central America and Caribbean,NOx,1.909348652,1.484956726,0.9100351480000001,0.592087856
Efficiency,Central America and Caribbean,OC,0.330554135,0.339780939,0.210979957,0.09011083
Efficiency,Central America and Caribbean,PM,0.5729097240000001,0.579381693,0.36067587500000003,0.156686893
Efficiency,Central America and Caribbean,SO2,1.0566985500000001,0.786724176,0.435133249,0.28846922199999997
Efficiency,Central Asia,BC,0.069011386,0.059794162,0.041100382,0.029995619
Efficiency,Central Asia,CH4,9.436951987,9.017176258,9.454422962,9.071336817
Efficiency,Central Asia,CO,9.686420791,8.389713779,6.380030882,5.9015291439999995
Efficiency,Central Asia,NH3,0.49309982999999996,0.549710797,0.646343818,0.869826496
Efficiency,Central Asia,NMVOC,2.161384992,1.996596415,1.6181664629999999,1.550505321
Efficiency,Central Asia,NOx,2.178244431,1.937639268,1.697969875,1.5924464680000001
Efficiency,Central Asia,OC,0.33774687999999997,0.323833932,0.209404114,0.17870303599999998
Efficiency,Central Asia,PM,0.558890564,0.528856101,0.344658303,0.288539908
Efficiency,Central Asia,SO2,2.552757391,1.838175313,0.856364173,0.292784036
Efficiency,China,BC,1.260530342,1.064462719,0.7357460370000001,0.400232409
Efficiency,China,CH4,58.42468376000001,45.09137982,36.960716876,19.424384856
Efficiency,China,CO,140.250693629,88.863236657,58.932462999,40.442185503
Efficiency,China,NH3,13.466971538000001,14.920566634000002,15.149311749,11.895768691999999
Efficiency,China,NMVOC,29.508597537,24.056465768,20.160142964000002,12.511283846000001
Efficiency,China,NOx,26.661015115999998,21.27832477,15.878035721000002,10.859541543
Efficiency,China,OC,1.940432546,1.72305389,1.114488164,0.502720998
Efficiency,China,PM,4.161401004,3.6348778729999998,2.403039627,1.1591456900000001
Efficiency,China,SO2,16.827809033,9.323199959,3.8058557829999997,1.079224385
Efficiency,Colombia,BC,0.041851793,0.040407887,0.034283704,0.017576841
Efficiency,Colombia,CH4,4.369647295,4.26176652,4.498586605,3.7087845450000003
Efficiency,Colombia,CO,4.604465735000001,4.2587786240000005,3.017171045,2.3207729440000002
Efficiency,Colombia,NH3,0.479353698,0.560078962,0.695261283,0.775928894
Efficiency,Colombia,NMVOC,1.147804441,1.150365028,0.985155998,0.870903835
Efficiency,Colombia,NOx,0.594515498,0.581242181,0.540658398,0.371863241
Efficiency,Colombia,OC,0.14789987300000002,0.167260013,0.143991176,0.07602249
Efficiency,Colombia,PM,0.257534149,0.283630473,0.243620146,0.128046834
Efficiency,Colombia,SO2,0.18069604,0.159803939,0.090181968,0.039973189
Efficiency,EU-12,BC,0.059139079,0.049643709,0.028306116,0.013153664
Efficiency,EU-12,CH4,5.603445387,4.57489603,4.071098754,2.2954936370000003
Efficiency,EU-12,CO,4.819442657,3.323065613,1.683210186,0.8687800729999999
Efficiency,EU-12,NH3,1.02937366,1.077479697,1.0730690920000001,0.999145867
Efficiency,EU-12,NMVOC,1.462480219,1.265435557,1.0813638429999999,0.8697265
Efficiency,EU-12,NOx,1.617793946,1.194540838,0.872509256,0.595291836
Efficiency,EU-12,OC,0.250204284,0.298860787,0.144803874,0.038366080999999996
Efficiency,EU-12,PM,0.422845111,0.48197900600000004,0.23820582199999998,0.069332698
Efficiency,EU-12,SO2,1.127371759,0.584909965,0.267292303,0.066074805
Efficiency,EU-15,BC,0.121429855,0.090903054,0.046649118999999996,0.029780736000000002
Efficiency,EU-15,CH4,17.59421105,15.089551721000001,15.57529769,13.743620651
Efficiency,EU-15,CO,10.701654791,9.633615122,4.838586855,4.103490668
Efficiency,EU-15,NH3,3.723810615,4.136336852,5.037447026,5.565890854
Efficiency,EU-15,NMVOC,4.476171094,3.816062474,3.8089536920000002,4.662061842
Efficiency,EU-15,NOx,7.368261444,4.5532821519999995,2.775791335,2.313933487
Efficiency,EU-15,OC,0.265571328,0.291582001,0.09627337300000001,0.048273992
Efficiency,EU-15,PM,0.513339839,0.516955621,0.188984956,0.10179072900000001
Efficiency,EU-15,SO2,1.207674404,0.752040622,0.378810963,0.227797199
Efficiency,Europe_Eastern,BC,0.045428299,0.042641781,0.029401751,0.014944658
Efficiency,Europe_Eastern,CH4,6.251983528,5.632898653,7.418951177,3.345018934
Efficiency,Europe_Eastern,CO,4.622655544,3.885594626,2.278061278,1.5890366200000001
Efficiency,Europe_Eastern,NH3,0.786798585,0.801300267,0.770497855,0.7156656570000001
Efficiency,Europe_Eastern,NMVOC,1.576211231,1.445141003,1.257866717,1.17685573
Efficiency,Europe_Eastern,NOx,0.96273267,0.830102949,0.6607396019999999,0.403925764
Efficiency,Europe_Eastern,OC,0.17641610700000002,0.197531112,0.108482684,0.050725307
Efficiency,Europe_Eastern,PM,0.302246161,0.329375449,0.187472519,0.088976447
Efficiency,Europe_Eastern,SO2,0.858929695,0.531978902,0.289045101,0.076452592
Efficiency,Europe_Non_EU,BC,0.068915007,0.048578661,0.032096039,0.031615805000000004
Efficiency,Europe_Non_EU,CH4,4.42456445,4.191758372,3.888190446,4.101885608
Efficiency,Europe_Non_EU,CO,3.096600164,2.168915046,1.058628797,0.867934991
Efficiency,Europe_Non_EU,NH3,0.926907907,1.026225245,1.104307168,1.503134545
Efficiency,Europe_Non_EU,NMVOC,0.979391787,0.819862132,0.660828977,0.807471867
Efficiency,Europe_Non_EU,NOx,1.113283661,0.831695824,0.654794838,0.669825557
Efficiency,Europe_Non_EU,OC,0.14686364700000001,0.115006701,0.049536437999999995,0.033485986
Efficiency,Europe_Non_EU,PM,0.285821523,0.217896111,0.106143462,0.082663106
Efficiency,Europe_Non_EU,SO2,2.097810687,1.168477551,0.486312931,0.11300244
Efficiency,European Free Trade Association,BC,0.005258741,0.011909813,0.0029719,0.00102106
Efficiency,European Free Trade Association,CH4,0.436318165,0.510059603,0.43946632999999996,0.466336497
Efficiency,European Free Trade Association,CO,0.735432755,2.03773221,0.568179434,0.750286313
Efficiency,European Free Trade Association,NH3,0.102265501,0.12762351,0.121095815,0.12981941400000002
Efficiency,European Free Trade Association,NMVOC,0.262854596,0.484421909,0.178276292,0.15916068
Efficiency,European Free Trade Association,NOx,0.22397595,0.190012115,0.105306522,0.09803144100000001
Efficiency,European Free Trade Association,OC,0.02038711,0.085943365,0.012346717,0.0017604
Efficiency,European Free Trade Association,PM,0.034939189999999995,0.135998961,0.020924143,0.003640184
Efficiency,European Free Trade Association,SO2,0.032690544,0.039281881,0.021495592,0.01462995
Efficiency,India,BC,0.9811812280000001,1.016794026,0.68315145,0.196840091
Efficiency,India,CH4,36.949812625999996,40.190444616,48.323040351,45.392696994
Efficiency,India,CO,55.817040705000004,51.398375399,34.674874118,16.371830696
Efficiency,India,NH3,10.855392244,12.83190411,15.927992475,16.882794016000002
Efficiency,India,NMVOC,12.843927494,14.915122836,14.619670152,13.791312020000001
Efficiency,India,NOx,10.980669226,10.838358331,9.173623649,5.4126220389999995
Efficiency,India,OC,2.787108818,3.121234528,2.105243965,0.437159688
Efficiency,India,PM,5.064864963,5.581838804,3.761965464,0.841662457
Efficiency,India,SO2,10.717479358,10.722944726,9.628607029,6.1122469100000005
Efficiency,Indonesia,BC,0.301226906,0.27339125200000003,0.22060641,0.097339946
Efficiency,Indonesia,CH4,14.169205572000001,12.327866836,11.548423223,6.3404716610000005
Efficiency,Indonesia,CO,30.291815655999997,27.582617869,21.370217619,11.547368815
Efficiency,Indonesia,NH3,2.1972790300000002,2.7124856569999998,3.6452690719999996,3.851568454
Efficiency,Indonesia,NMVOC,9.891719634,9.979646895,9.298920685,5.813534628
Efficiency,Indonesia,NOx,4.566076008,4.147462098,3.410224931,2.143830337
Efficiency,Indonesia,OC,1.031071782,0.967567404,0.751873574,0.278236309
Efficiency,Indonesia,PM,1.805782247,1.684351765,1.31784626,0.5049523850000001
Efficiency,Indonesia,SO2,2.347449717,2.055657842,1.315935145,0.426160396
Efficiency,Japan,BC,0.038249884,0.034426384,0.026024954,0.007659919
Efficiency,Japan,CH4,1.580843287,1.3336565329999999,1.17109835,2.369572444
Efficiency,Japan,CO,5.488241963,4.565425059,3.303034482,1.275568192
Efficiency,Japan,NH3,0.466051569,0.501339378,0.564596725,1.738217148
Efficiency,Japan,NMVOC,0.721196939,0.723817302,0.710413607,0.681914525
Efficiency,Japan,NOx,1.7431482379999998,1.203082151,0.732769244,0.433686744
Efficiency,Japan,OC,0.058573554,0.105795644,0.095224926,0.015098036
Efficiency,Japan,PM,0.125834635,0.189156794,0.164799541,0.030015559
Efficiency,Japan,SO2,0.43382565500000003,0.265621966,0.162064056,0.077547095
Efficiency,Mexico,BC,0.100290195,0.106732046,0.074404789,0.035567724
Efficiency,Mexico,CH4,6.706298421,6.721857632,6.77872225,5.7643002999999995
Efficiency,Mexico,CO,12.338059633,10.577144292,7.534548247,5.091801847
Efficiency,Mexico,NH3,0.945098158,1.120422324,1.432399231,1.649332744
Efficiency,Mexico,NMVOC,3.1249055660000002,2.864871919,2.31105128,1.9121301130000001
Efficiency,Mexico,NOx,2.312239038,2.072315638,1.705157876,1.27609635
Efficiency,Mexico,OC,0.339174248,0.423537434,0.294253588,0.121653835
Efficiency,Mexico,PM,0.5953383879999999,0.723063781,0.502627898,0.21308879
Efficiency,Mexico,SO2,0.9571461450000001,0.683234673,0.41850570200000003,0.164000443
Efficiency,Middle East,BC,0.31143895,0.252184002,0.16766662100000002,0.115361154
Efficiency,Middle East,CH4,22.984174312,22.23959839,20.124561114,12.467795066999999
Efficiency,Middle East,CO,16.007125736,11.482577094,6.962019446,5.435671931
Efficiency,Middle East,NH3,1.146483937,1.398525231,2.0224726740000003,2.578639977
Efficiency,Middle East,NMVOC,9.393771126,7.603166628,5.94124446,4.711413856
Efficiency,Middle East,NOx,9.471271297,6.462811912,3.5133075419999997,2.00415318
Efficiency,Middle East,OC,0.173092133,0.141453981,0.110505772,0.091639876
Efficiency,Middle East,PM,0.590104611,0.47968156,0.342456371,0.25794251
Efficiency,Middle East,SO2,8.630448365,6.063174846,3.347171244,1.072950433
Efficiency,Pakistan,BC,0.149384394,0.15582775599999998,0.12727069500000002,0.038462676
Efficiency,Pakistan,CH4,7.647912249,8.822856949,12.385027542,16.058000674
Efficiency,Pakistan,CO,11.203023156,11.354277694999999,9.158434875000001,4.529067953
Efficiency,Pakistan,NH3,2.024205888,2.432492774,3.483529018,4.59387257
Efficiency,Pakistan,NMVOC,2.898790839,3.158029737,3.76730741,3.777397127
Efficiency,Pakistan,NOx,1.542555323,1.566772965,1.863915217,1.872355488
Efficiency,Pakistan,OC,0.47059800300000004,0.5153342049999999,0.454494035,0.135706713
Efficiency,Pakistan,PM,0.837276967,0.908338736,0.789923575,0.236372052
Efficiency,Pakistan,SO2,1.345334326,1.275101585,1.6125469989999999,1.3664588409999998
Efficiency,Russia,BC,0.28623987300000003,0.272087197,0.201044403,0.156889122
Efficiency,Russia,CH4,25.005059982000002,21.459437607,19.928257742,12.424443707
Efficiency,Russia,CO,46.106484792,44.414921822,36.642137078,34.326872916999996
Efficiency,Russia,NH3,2.009392643,2.031440194,1.962427817,1.8464632429999999
Efficiency,Russia,NMVOC,11.944743515999999,11.222594413,9.407445594,8.979449487
Efficiency,Russia,NOx,5.755121497,3.997452691,2.466324464,1.369034882
Efficiency,Russia,OC,2.606561574,2.8681906859999997,2.441433633,2.239950488
Efficiency,Russia,PM,4.0422469119999995,4.400808598,3.712398938,3.375707235
Efficiency,Russia,SO2,6.008846397,3.718234228,2.294439109,1.096393902
Efficiency,South Africa,BC,0.096839501,0.06866064300000001,0.049764864,0.029316566999999998
Efficiency,South Africa,CH4,2.888579015,2.396966212,2.404723831,1.833048889
Efficiency,South Africa,CO,7.44750286,6.120946964,5.033836578,2.707782241
Efficiency,South Africa,NH3,0.365974717,0.418192926,0.47866350199999996,0.482225921
Efficiency,South Africa,NMVOC,2.040992949,1.794453762,1.485317813,1.199789768
Efficiency,South Africa,NOx,2.07387054,1.5610203,1.076547128,0.436266547
Efficiency,South Africa,OC,0.200974314,0.169118729,0.150111205,0.095550535
Efficiency,South Africa,PM,0.39391672,0.317366492,0.269400375,0.168885918
Efficiency,South Africa,SO2,2.7968770629999997,1.904555802,1.122177399,0.19470852800000002
Efficiency,South America_Northern,BC,0.014099661,0.014907626,0.020537621,0.01444523
Efficiency,South America_Northern,CH4,10.236062625,11.768093037,13.094627237,6.948576029
Efficiency,South America_Northern,CO,3.7633074420000003,3.644180503,3.355090368,2.994168687
Efficiency,South America_Northern,NH3,0.258142659,0.298620684,0.402460469,0.534253116
Efficiency,South America_Northern,NMVOC,1.004767405,1.123579216,1.415022119,1.033104593
Efficiency,South America_Northern,NOx,0.306664014,0.297780104,0.392534247,0.29371912
Efficiency,South America_Northern,OC,0.075852097,0.085302541,0.096871514,0.078858956
Efficiency,South America_Northern,PM,0.123978721,0.1383806,0.161117334,0.128658208
Efficiency,South America_Northern,SO2,0.040807984000000005,0.040190766,0.6396106720000001,0.236743338
Efficiency,South America_Southern,BC,0.112425392,0.096266595,0.078236397,0.049465904000000005
Efficiency,South America_Southern,CH4,7.438202854,7.562224196,7.92022272,6.2798512859999995
Efficiency,South America_Southern,CO,13.490438809,10.897556440999999,8.722226785,7.317643189
Efficiency,South America_Southern,NH3,1.039328312,1.213546902,1.3901417649999999,1.337123832
Efficiency,South America_Southern,NMVOC,2.8291047049999998,2.479038612,2.1752224780000002,1.879907839
Efficiency,South America_Southern,NOx,1.7082074680000001,1.572579007,1.244536714,0.831493968
Efficiency,South America_Southern,OC,0.46145575800000005,0.407957455,0.359603297,0.262732168
Efficiency,South America_Southern,PM,0.783549665,0.689272415,0.600292752,0.43011885499999997
Efficiency,South America_Southern,SO2,1.8825347780000001,1.629656811,1.1785686759999998,0.594623617
Efficiency,South Asia,BC,0.130390443,0.12911886,0.109465959,0.04259742
Efficiency,South Asia,CH4,7.677574997000001,8.096250849,9.888979834,9.839920790999999
Efficiency,South Asia,CO,10.257733721,10.352814834,9.711942954,5.300689272
Efficiency,South Asia,NH3,1.833580039,2.218110903,2.855404735,3.293772161
Efficiency,South Asia,NMVOC,2.689525681,3.114861393,3.744580946,3.8890473649999997
Efficiency,South Asia,NOx,1.820344445,1.744576471,1.6457762120000001,1.514985635
Efficiency,South Asia,OC,0.451448828,0.45620489,0.40135207500000003,0.166229232
Efficiency,South Asia,PM,0.789001312,0.794403738,0.694346025,0.28456575
Efficiency,South Asia,SO2,0.715970002,0.755443213,0.760637312,0.41270487100000003
Efficiency,South Korea,BC,0.022433716,0.017151501,0.01365626,0.006065371
Efficiency,South Korea,CH4,1.169901232,1.0865866260000001,0.965954674,0.667207124
Efficiency,South Korea,CO,1.102845451,0.726077179,0.503175527,0.328021863
Efficiency,South Korea,NH3,0.312915353,0.339104944,0.375310726,0.408787216
Efficiency,South Korea,NMVOC,0.658253497,0.49224618,0.47438047000000005,0.365748427
Efficiency,South Korea,NOx,1.35484724,0.855228801,0.641839655,0.489530633
Efficiency,South Korea,OC,0.052406296000000005,0.04800953,0.049176933000000006,0.018606877
Efficiency,South Korea,PM,0.099618074,0.087519836,0.085345158,0.033277943
Efficiency,South Korea,SO2,0.240869806,0.125622128,0.061387201,0.028768803
Efficiency,Southeast Asia,BC,0.455872679,0.430769532,0.320993826,0.157934105
Efficiency,Southeast Asia,CH4,21.067458107,19.417428325,18.949510685,14.426776089
Efficiency,Southeast Asia,CO,54.350493088,48.075309267,32.809001228,20.495374218000002
Efficiency,Southeast Asia,NH3,3.469143373,3.919972322,4.53476471,4.392029589
Efficiency,Southeast Asia,NMVOC,14.411191892,13.734871923,10.702818977,7.745832998
Efficiency,Southeast Asia,NOx,9.461573939,7.360723693,4.8987358,3.262613429
Efficiency,Southeast Asia,OC,1.625968525,1.654048162,1.339207825,0.705029827
Efficiency,Southeast Asia,PM,2.826594938,2.839135357,2.2681604,1.181919249
Efficiency,Southeast Asia,SO2,3.177811004,2.685680787,1.6089348289999998,0.727539301
Efficiency,USA,BC,0.19253985999999998,0.16583864,0.12048492400000001,0.072424458
Efficiency,USA,CH4,26.153307021,22.183342179,22.018210651,19.436320348
Efficiency,USA,CO,40.362218673,31.074465823,20.664902586,14.130475670000001
Efficiency,USA,NH3,3.6785338889999997,4.246236121,5.4680034299999996,6.504580326
Efficiency,USA,NMVOC,11.541170354,10.218405998,9.882168549,10.118287896
Efficiency,USA,NOx,9.379109844,6.54509808,4.6291549309999995,3.814751394
Efficiency,USA,OC,0.859339427,0.8631049359999999,0.6815428109999999,0.465455948
Efficiency,USA,PM,1.4406492290000001,1.4166625629999998,1.107139634,0.745269031
Efficiency,USA,SO2,2.098777832,0.980947175,0.61385807,0.50264574
Equity,Africa_Eastern,BC,0.357041500255577,0.38891142401733686,0.36704206149480884,0.22840434483024488
Equity,Africa_Eastern,CH4,8.062301375393696,9.76359105679746,12.530844539866296,14.681123147951979
Equity,Africa_Eastern,CO,37.19478581812285,39.109592650477836,36.561428075370024,28.702542722067765
Equity,Africa_Eastern,NH3,2.653705563675846,3.2479933991445025,4.25303188352751,5.356723868113897
Equity,Africa_Eastern,NMVOC,7.673378280981648,8.805023372828996,10.706359296934965,12.11088795824667
Equity,Africa_Eastern,NOx,2.2886999314015837,2.4375163600532246,2.9685244380182114,3.245600113708215
Equity,Africa_Eastern,OC,1.4989882769789138,1.616374588471174,1.519285549674528,0.897264771575273
Equity,Africa_Eastern,PM,2.536298886360982,2.7392182279328496,2.5763246036788647,1.53433340266591
Equity,Africa_Eastern,SO2,0.4868740039172438,0.5629511081011747,0.9136650681866819,0.5061162839614639
Equity,Africa_Northern,BC,0.20138768313714997,0.195479055887398,0.16600665534315498,0.13008994122525588
Equity,Africa_Northern,CH4,9.661538201585694,10.814466975886804,14.461625721625435,12.81843441481595
Equity,Africa_Northern,CO,5.982272346371103,6.105836478799437,5.137592615895908,3.8824703525012567
Equity,Africa_Northern,NH3,0.8592341455923714,1.0423554393173906,1.3133188898646637,1.523329533284102
Equity,Africa_Northern,NMVOC,2.723577439472479,3.001262705444662,3.629798805146304,4.6865636009037255
Equity,Africa_Northern,NOx,3.2511985427476597,5.30469731437399,2.989890819028782,1.092548291301417
Equity,Africa_Northern,OC,0.30370991954399096,0.32902224309712585,0.255218771739552,0.16116650526475693
Equity,Africa_Northern,PM,0.6558316363987721,0.6855287691050278,0.5475701644650298,0.3735670378763839
Equity,Africa_Northern,SO2,1.200805873211696,1.100710783653308,0.910787650788817,0.40332472613989584
Equity,Africa_Southern,BC,0.487571204084946,0.4975179784750849,0.48767531684509186,0.3908870142282957
Equity,Africa_Southern,CH4,11.389029466808248,12.227063610810104,13.374884410746217,9.064266613649357
Equity,Africa_Southern,CO,71.12482973764632,84.98688087424415,156.65233840337606,99.23742509647542
Equity,Africa_Southern,NH3,1.6857894275154197,1.8881508164098737,2.2571556907046366,2.624868594328447
Equity,Africa_Southern,NMVOC,14.099496634528277,15.570234172552047,21.596727860382092,17.808570861271235
Equity,Africa_Southern,NOx,4.492429888280091,7.189818423907072,21.98580412245531,13.967006443915073
Equity,Africa_Southern,OC,2.783073387398389,2.798778961733765,2.71931862064721,2.326990550593632
Equity,Africa_Southern,PM,4.5161232684731365,4.549523691601879,4.425068476055112,3.757572203000019
Equity,Africa_Southern,SO2,1.985813820730041,3.009062441947053,6.582497969293137,6.369247429071865
Equity,Africa_Western,BC,0.8609423146272018,0.8964959587112369,0.8680783972408687,0.5807038345106749
Equity,Africa_Western,CH4,20.7015146966038,24.650648358873227,30.8189550932042,26.08169104340295
Equity,Africa_Western,CO,115.56423005659957,116.4207547487429,113.12957427012023,94.21143351338027
Equity,Africa_Western,NH3,3.8194102143198205,4.498581772282125,5.833717413963505,6.561271976822865
Equity,Africa_Western,NMVOC,23.311849874876803,24.96962360756751,28.318572172807418,29.37587575210118
Equity,Africa_Western,NOx,6.021415097999211,6.254758001792721,7.212612710337261,7.2798767657930465
Equity,Africa_Western,OC,4.439726804357897,4.4928965620882035,4.314336305789043,3.03997027404405
Equity,Africa_Western,PM,7.2958458763217156,7.410987638368494,7.124387154243287,4.985931709844734
Equity,Africa_Western,SO2,0.9348620604295359,1.0421881775573838,1.5562564250207187,1.3049662096885248
Equity,Argentina,BC,0.05761020925863696,0.04572585865372696,0.032666902555984936,0.02086007656498298
Equity,Argentina,CH4,5.078943923870685,5.453990939625978,5.944154904274372,5.710346932796106
Equity,Argentina,CO,5.500364071851638,4.6033436534248615,3.392130425243418,2.613773100759044
Equity,Argentina,NH3,0.5387282817828137,0.6070295345624946,0.6811124963347669,0.6941510404996138
Equity,Argentina,NMVOC,1.2050776100636857,1.0407184440182156,0.8516434354656077,0.9091292302192566
Equity,Argentina,NOx,1.2674598145690887,0.9917418301150087,0.6741130267386207,0.31701185446318464
Equity,Argentina,OC,0.21899906300829788,0.19608726784214497,0.16400970900669498,0.15078419937692794
Equity,Argentina,PM,0.3765398902863667,0.330703237533367,0.2704674766911574,0.2385674893304883
Equity,Argentina,SO2,0.18719092695407888,0.13922153684876395,0.09123267163109795,0.05697483220263197
Equity,Australia_NZ,BC,0.11535539726432995,0.10809940899261099,0.10033736490641795,0.09386178992702188
Equity,Australia_NZ,CH4,7.019294654255493,6.1530716847152105,6.14374274060503,6.7779673045073014
Equity,Australia_NZ,CO,18.101576827169332,17.248932067695534,16.58562399315195,16.39589612585521
Equity,Australia_NZ,NH3,0.9691377962398205,1.1855566795701664,1.4860168750220564,1.6846967506200154
Equity,Australia_NZ,NMVOC,3.7512055573430647,3.5780174356807537,3.538534512968469,3.634117963446867
Equity,Australia_NZ,NOx,2.0399883549945845,1.708502532852468,1.4444025091078225,1.258434719427491
Equity,Australia_NZ,OC,0.8391951322894569,0.8195966988892219,0.8136272942546879,0.8244101338052269
Equity,Australia_NZ,PM,1.3269399761646863,1.2909326293034595,1.2738581321812634,1.282154460261199
Equity,Australia_NZ,SO2,0.9123806936093298,0.47960320210072993,0.34246167616942985,0.30711453193440186
Equity,Brazil,BC,0.2656652424844849,0.22628856393526886,0.18378360399740798,0.09985060249673998
Equity,Brazil,CH4,19.084431879303743,19.36440762821768,19.091734024952466,15.546016620821735
Equity,Brazil,CO,30.634600270305043,23.987694740368845,18.940541608845717,14.7333074715879
Equity,Brazil,NH3,3.3556491483332587,3.540436005847008,3.6294328875258155,2.9914422085396106
Equity,Brazil,NMVOC,7.470759987272612,6.133087331453901,4.893512271711451,3.455489855363505
Equity,Brazil,NOx,4.803076644335537,4.374626603663615,3.495658539935204,1.8446836860863047
Equity,Brazil,OC,1.168759953063186,1.0169409230860529,0.864420101908513,0.5652094229119227
Equity,Brazil,PM,1.9635584996132895,1.7031429403418514,1.4382827101263227,0.9180851375104635
Equity,Brazil,SO2,1.774784905816975,1.3894325963707508,0.9532974539043648,0.4381004066272967
Equity,Canada,BC,0.09096937110021797,0.06892735764048297,0.059648800368244964,0.05019611195937096
Equity,Canada,CH4,5.029416835095222,4.410024016472125,4.344211412579005,2.904271151676059
Equity,Canada,CO,20.52414403144908,15.889211791089448,13.700129397380753,12.369999192104862
Equity,Canada,NH3,0.8313571702672377,0.8445126614893035,0.8788966923168277,0.8626788439344816
Equity,Canada,NMVOC,4.6604942020122255,3.79001346119346,3.6804235646390078,3.1285130535266426
Equity,Canada,NOx,1.7281388143345948,1.1785794568314303,0.8139807936557208,0.5531797673322186
Equity,Canada,OC,1.1416720143377008,0.965545102290601,0.9132918446317949,0.8782063754989228
Equity,Canada,PM,1.7326572887131522,1.4565495896800909,1.3716210182285364,1.3110508401187682
Equity,Canada,SO2,0.8861913607098878,0.5635705005225319,0.3719659264380978,0.22996019702460296
Equity,Central America and Caribbean,BC,0.09110664887468298,0.08152951108522698,0.05262772077133597,0.02275667448842596
Equity,Central America and Caribbean,CH4,3.60143700199541,3.8687990149727107,4.15707123025758,3.9209595386159006
Equity,Central America and Caribbean,CO,10.5370800211521,8.85040665704443,6.0509172696957485,4.322075643868015
Equity,Central America and Caribbean,NH3,0.7347087416147919,0.8253871519141178,0.9432182432153788,1.0221209303766103
Equity,Central America and Caribbean,NMVOC,2.3275738230559777,2.1177168875538017,1.6653283682397797,1.4937192041787426
Equity,Central America and Caribbean,NOx,1.909348650349481,1.5463048631392018,0.9528463384376665,0.46005741021806684
Equity,Central America and Caribbean,OC,0.3305541338663239,0.319127825328417,0.19913721010910598,0.08714065746150797
Equity,Central America and Caribbean,PM,0.5729097251909945,0.546035252413386,0.3426567033044912,0.149643482107225
Equity,Central America and Caribbean,SO2,1.056698550005304,0.8413962864104719,0.5084391576279629,0.3016826673385089
Equity,Central Asia,BC,0.06901138590982697,0.05742716568310593,0.04153231364283695,0.03125588020014896
Equity,Central Asia,CH4,9.436951987717901,9.488743693907574,9.882707200447859,7.833288169709722
Equity,Central Asia,CO,9.68642080097862,8.372278159175229,6.539159841405809,6.083947654893949
Equity,Central Asia,NH3,0.4930998310939468,0.5499001148323198,0.6304246059745988,0.7758435012330488
Equity,Central Asia,NMVOC,2.161384991133379,2.001824002952399,1.7045866216355092,1.4569486194737356
Equity,Central Asia,NOx,2.178244442054915,2.0751714275584945,1.8240494069945654,1.602568413011915
Equity,Central Asia,OC,0.33774678111522194,0.28071640784054397,0.1997315916306648,0.17958291629179196
Equity,Central Asia,PM,0.5588904214955771,0.4645943454633945,0.33130172103897143,0.2911850385174264
Equity,Central Asia,SO2,2.55275740116038,2.118160959742297,1.1181149061108389,0.29595857297232897
Equity,China,BC,1.260530185702836,1.03090076809327,0.67490001789171,0.36992905783460894
Equity,China,CH4,58.424683382452876,47.2791040064072,35.58251468345615,19.043716824359443
Equity,China,CO,140.25069362699543,91.7213910494904,58.00466681191451,34.89577070288918
Equity,China,NH3,13.46697188228484,14.909692954190326,15.228783554504956,11.85138324045696
Equity,China,NMVOC,29.508597541259306,24.313255462182195,19.94865822333581,12.308981938351076
Equity,China,NOx,26.66101471137207,22.154125862582905,15.485268522737803,9.514037681190281
Equity,China,OC,1.9404321158056796,1.5782188960775674,0.9639316835509447,0.4869227680728248
Equity,China,PM,4.161401129875243,3.3908438662935185,2.1208123271587325,1.1032215219622095
Equity,China,SO2,16.827808381300564,10.120182247647655,3.642472370609425,0.8930159015670597
Equity,Colombia,BC,0.041852084405559986,0.03826429836306297,0.03189140344432598,0.01383136775217098
Equity,Colombia,CH4,4.369647294325017,4.360943478086772,4.613030405305491,3.816685498406026
Equity,Colombia,CO,4.604465735006035,4.022543093789171,3.023496011727514,2.003434560921032
Equity,Colombia,NH3,0.47935369709147185,0.5553808531631107,0.6829952309427257,0.7785256500352568
Equity,Colombia,NMVOC,1.1478044409177568,1.1049985213768176,0.9901481987100235,0.8765590227892486
Equity,Colombia,NOx,0.5945154981243089,0.5903868846926635,0.5271029413868358,0.24164312643556796
Equity,Colombia,OC,0.14789989924684696,0.14900969180089302,0.1278744228579139,0.07317886777474199
Equity,Colombia,PM,0.2575341487691072,0.2551745874746463,0.2179409684755755,0.11986028544526915
Equity,Colombia,SO2,0.1806964305338579,0.17684748448333798,0.108719512123021,0.02544514964568098
Equity,EU-12,BC,0.05913907815170798,0.046728052571794944,0.02122041774447999,0.00546440705586699
Equity,EU-12,CH4,5.6034453880954995,4.592469590889161,3.5403078287457745,2.3969485940997357
Equity,EU-12,CO,4.819442657931717,3.166929770414898,1.3616729756641788,0.6046312224708416
Equity,EU-12,NH3,1.0293736606477928,1.0849852387517815,1.1295976019100653,1.1601806276717899
Equity,EU-12,NMVOC,1.4624802185170438,1.2295335485201229,1.022973398927239,0.875916338726364
Equity,EU-12,NOx,1.6177939471406797,1.2014988834434608,0.7517897832402428,0.29799306720475394
Equity,EU-12,OC,0.25020428470954,0.26526368966779895,0.08606308052770295,0.01836728332454997
Equity,EU-12,PM,0.422845113101521,0.43072793405392706,0.14641266467354327,0.032276062915560184
Equity,EU-12,SO2,1.127371759027263,0.595236629125132,0.17547393504417086,0.02962180177877997
Equity,EU-15,BC,0.12142985709053597,0.08667413182008599,0.03290436227603598,0.01062585637045599
Equity,EU-15,CH4,17.5942110505076,13.7294685622959,12.064010709668956,14.855927986687348
Equity,EU-15,CO,10.701654794249572,9.772364458033774,4.233780428728126,3.5436647211653978
Equity,EU-15,NH3,3.7238106156881936,4.000179891281386,4.920788278622321,6.1957301019623925
Equity,EU-15,NMVOC,4.476171093721828,3.655570027197252,3.368464789202244,4.1311305365396525
Equity,EU-15,NOx,7.368261448029387,4.470077459627006,2.3246238008108246,1.5167677659912875
Equity,EU-15,OC,0.26557132664830596,0.27577715388638196,0.056957141797029966,0.02494798045599399
Equity,EU-15,PM,0.5133398399066672,0.48970287505962085,0.11764351127339245,0.047364054059573
Equity,EU-15,SO2,1.2076745148748957,0.7057675663681806,0.2693187046657369,0.20738629361370897
Equity,Europe_Eastern,BC,0.045428298388127966,0.04147494388826295,0.02941949810310094,0.01653442829135598
Equity,Europe_Eastern,CH4,6.251983528437834,6.3072280131727965,8.286439430199314,4.44620272380113
Equity,Europe_Eastern,CO,4.622655644359328,4.257278984693924,2.6849876003332804,1.9793528283091997
Equity,Europe_Eastern,NH3,0.7867985743819748,0.8196509695200266,0.8332078325405924,0.8197286193782941
Equity,Europe_Eastern,NMVOC,1.5762112314516448,1.5335996027277747,1.4142164029130286,1.5481480209447704
Equity,Europe_Eastern,NOx,0.9627326823414954,0.9965854212688146,0.8958435187509618,0.48082636993900596
Equity,Europe_Eastern,OC,0.17641610753001194,0.16749777815887393,0.08710894145929383,0.05138462487875494
Equity,Europe_Eastern,PM,0.30224616199485793,0.2851442610442791,0.1569272342002013,0.09166788469711118
Equity,Europe_Eastern,SO2,0.8589297067631818,0.7106990530559659,0.5313452703519499,0.09368343210749198
Equity,Europe_Non_EU,BC,0.06891500837543799,0.04861262143865698,0.03052778395454698,0.02515594953978297
Equity,Europe_Non_EU,CH4,4.424564448660951,4.349851477180048,3.344081403589351,2.7817113756317537
Equity,Europe_Non_EU,CO,3.0966001653529998,2.226613287571266,0.9732672506249239,0.7521771569013906
Equity,Europe_Non_EU,NH3,0.9269079057154428,1.0319622762939327,1.1281663440860141,1.1522844955693938
Equity,Europe_Non_EU,NMVOC,0.9793917867192159,0.8323909156005087,0.6354968534687748,0.6783011363534018
Equity,Europe_Non_EU,NOx,1.1132836716663368,0.8552496016625318,0.6165465021310467,0.511950283036296
Equity,Europe_Non_EU,OC,0.14686364638040897,0.11258815895637293,0.04214487054085898,0.03039069638490897
Equity,Europe_Non_EU,PM,0.28582152353696666,0.21447495089013605,0.09384772722343006,0.07113024032418111
Equity,Europe_Non_EU,SO2,2.097810687965362,1.2526107665482498,0.32838836973269586,0.06369645793175101
Equity,European Free Trade Association,BC,0.005258498290819999,0.0025048472669119896,9.720635526889998e-4,2.78676528682e-4
Equity,European Free Trade Association,CH4,0.4363183169527548,0.36432107983045303,0.35601276290310696,0.395607986312665
Equity,European Free Trade Association,CO,0.7354327823247939,1.511362838204082,1.7764059655547868,9.3121867032790675
Equity,European Free Trade Association,NH3,0.10226543247929194,0.09697559436959301,0.113308810756732,0.11960469709546688
Equity,European Free Trade Association,NMVOC,0.262854757234251,0.16647340743801775,0.14404747501889587,0.1810800721477809
Equity,European Free Trade Association,NOx,0.22397594051023795,0.1921300217245539,0.14505519809964482,0.548743280872251
Equity,European Free Trade Association,OC,0.020387941226990988,0.00665466521376299,0.0038923764487299984,0.002231348033343
Equity,European Free Trade Association,PM,0.03493910407449912,0.01227150324928428,0.00663536822964179,0.00349737186923069
Equity,European Free Trade Association,SO2,0.03268998063571398,0.02796241557927,0.02298513430838599,0.07362553044308498
Equity,India,BC,0.9811812287157967,0.957223202784803,0.7008054225858509,0.24602607846299596
Equity,India,CH4,36.949812629646154,42.46330892871892,50.72740468272246,46.88116167907058
Equity,India,CO,55.81704070492458,49.45839695626785,37.53733315584534,17.979544653370617
Equity,India,NH3,10.855392234514085,12.824728102462748,16.079697798146558,17.40293846164048
Equity,India,NMVOC,12.843927493398027,14.477942019526795,15.147283083071603,14.865672313883277
Equity,India,NOx,10.980669225411356,12.284452824463715,11.900749179182762,6.1603541349780935
Equity,India,OC,2.787108820167115,2.6636581699753386,1.732138748600048,0.4632533051853719
Equity,India,PM,5.064864964426351,4.861976706128019,3.2478443753425044,0.9330809127243775
Equity,India,SO2,10.717479357312316,13.381615889353792,14.021042561833683,6.70202988847257
Equity,Indonesia,BC,0.30122690537559393,0.2622839686232329,0.20925631288499,0.08445256183794098
Equity,Indonesia,CH4,14.169205572709812,13.111708727812987,13.206182639421046,6.997783179216562
Equity,Indonesia,CO,30.291815657373593,26.445094583604725,20.51157987620781,9.15428599077796
Equity,Indonesia,NH3,2.197279030305608,2.6589210763082547,3.5289778431434904,3.7391642022328897
Equity,Indonesia,NMVOC,9.891719634561621,9.8118579615816,9.33680782937489,5.470179811896433
Equity,Indonesia,NOx,4.566076009295055,4.285390193675236,3.5105590946854615,1.5452918732837615
Equity,Indonesia,OC,1.0310717828849199,0.8889030509402089,0.6842075767444229,0.27227215953290895
Equity,Indonesia,PM,1.805782245438589,1.5596437283300553,1.208598778918014,0.48224700615379495
Equity,Indonesia,SO2,2.347449726653068,2.2783775849395798,1.6303191505653307,0.3123285423660047
Equity,Japan,BC,0.038249508637193,0.02864780168170799,0.01481378416199698,0.0036745581723459987
Equity,Japan,CH4,1.580843292986678,1.119339726579419,0.7617610376719759,0.7983445494126838
Equity,Japan,CO,5.488242184083024,3.629860217262083,2.0107823352970136,0.7767284699870449
Equity,Japan,NH3,0.4660514686655179,0.4748794071816059,0.4929537606634937,0.6728337099648789
Equity,Japan,NMVOC,0.7211969610842809,0.559586067945712,0.5054629123094708,0.47176744060173886
Equity,Japan,NOx,1.743148412924038,1.1656631865537876,0.5648241040602918,0.19178648619773697
Equity,Japan,OC,0.058573557256842976,0.06630906947166598,0.04604003343745398,0.024502046754148
Equity,Japan,PM,0.1258346463781978,0.12633455119436116,0.0821324103937559,0.03907994084801224
Equity,Japan,SO2,0.43382592588373886,0.24412878942687097,0.13834592838152496,0.05738543077286488
Equity,Mexico,BC,0.10029019504770396,0.10104875049066597,0.06322670268856294,0.02553436407694696
Equity,Mexico,CH4,6.706298422594099,6.857205457284323,6.413385055317815,5.91450629902623
Equity,Mexico,CO,12.33805963275356,10.168834743918982,6.939589959220296,4.279465139006501
Equity,Mexico,NH3,0.9450981585631486,1.0947317728057089,1.3278943547407625,1.6146960095363543
Equity,Mexico,NMVOC,3.124905565999007,2.7795214682949005,2.1701776622902975,1.8306777420326914
Equity,Mexico,NOx,2.3122389388855433,2.10808896879625,1.6182332304858185,0.6546621328566469
Equity,Mexico,OC,0.3391742473693139,0.38295475259117895,0.22534067909605796,0.13296368293750596
Equity,Mexico,PM,0.5953383882905934,0.6587789217451185,0.3917865440647822,0.21822586708527522
Equity,Mexico,SO2,0.957146144098623,0.7390312863662358,0.42699230930380083,0.10025876115193197
Equity,Middle East,BC,0.31143899010202086,0.25854739202541976,0.1737916312574169,0.09529352369455979
Equity,Middle East,CH4,22.98417421129813,22.81213024569607,20.362850676445134,12.696638205712633
Equity,Middle East,CO,16.007125739158617,11.720065353717994,7.148155873593863,4.683779572917501
Equity,Middle East,NH3,1.1464838787637297,1.3941776075618582,1.9406178360902875,2.583851860481494
Equity,Middle East,NMVOC,9.39377112679955,7.69971754909304,6.022695575933874,4.716177589139556
Equity,Middle East,NOx,9.471271198725827,6.838349736887608,3.6708976128448687,1.6376790068210088
Equity,Middle East,OC,0.17309211351837897,0.14221016219065696,0.10984425215140495,0.08579282610180197
Equity,Middle East,PM,0.590104611443505,0.48776266316060124,0.34824807495966775,0.22750661738959263
Equity,Middle East,SO2,8.630448773029753,6.400259102958565,3.428746384650485,0.98235934699663
Equity,Pakistan,BC,0.149384225683775,0.146733009575966,0.12208603832557298,0.05566787609338899
Equity,Pakistan,CH4,7.6479119103455,9.152921400849346,12.621705051515885,17.16308764806852
Equity,Pakistan,CO,11.203023155782567,11.582459327859807,10.928309767453104,6.678024942870781
Equity,Pakistan,NH3,2.0242058991721925,2.4209750854458956,3.3633854133889627,4.483450827786045
Equity,Pakistan,NMVOC,2.8987908380602048,3.186610065202783,4.006905539493442,4.614458344020594
Equity,Pakistan,NOx,1.5425556430190719,1.6285786339305135,1.9576900748352146,2.2079771984802603
Equity,Pakistan,OC,0.470597522336684,0.47293494163187194,0.402393376325226,0.16573552170779798
Equity,Pakistan,PM,0.8372771051936106,0.8377032770671395,0.7097171703032035,0.29823645974487906
Equity,Pakistan,SO2,1.345334095333288,1.516225277570195,2.1573905037100047,1.788408782021616
Equity,Russia,BC,0.2862398827088628,0.2611426858855398,0.19241299767490877,0.15130250116219776
Equity,Russia,CH4,25.005060999252162,21.977583364759628,18.270077880732952,11.31207937140279
Equity,Russia,CO,46.106484780334014,44.25483820963295,36.564977601241075,34.330449599840705
Equity,Russia,NH3,2.009392642372085,2.0572220577866895,2.0549988116666564,1.9708728818701653
Equity,Russia,NMVOC,11.944743527095655,11.245465190491482,9.148975465527295,8.294889547621727
Equity,Russia,NOx,5.755121508901688,4.2312207422723365,2.3816495749628195,1.1259042274078295
Equity,Russia,OC,2.6065615764229113,2.729740925451758,2.345570553682624,2.2203732968333707
Equity,Russia,PM,4.042246925264513,4.190786477870108,3.5658201892085515,3.341566565750138
Equity,Russia,SO2,6.00884649910611,3.9795647956398343,2.238313937992079,0.9653058833549358
Equity,South Africa,BC,0.09683950207459599,0.07294418336647185,0.04835849552147198,0.02806031726074298
Equity,South Africa,CH4,2.888579015964072,2.5682335864133927,2.542476505049799,1.709875787722665
Equity,South Africa,CO,7.4475028618716035,6.283153616366251,4.782020741957376,2.5078939884317486
Equity,South Africa,NH3,0.3659747172858029,0.4182565852373629,0.48197198308138584,0.49073011276023587
Equity,South Africa,NMVOC,2.0409929510712397,1.842349677310116,1.4530177054158089,1.0475008385923754
Equity,South Africa,NOx,2.0738705414800096,1.6649212259096866,1.1761035505389466,0.39692661993341566
Equity,South Africa,OC,0.20097431325413287,0.16843084719824197,0.13339904577874398,0.09248885235611287
Equity,South Africa,PM,0.3939167202354657,0.3210947131966051,0.2439549805372231,0.16312540785605872
Equity,South Africa,SO2,2.7968770732581363,2.1235737948439657,1.3872687995975128,0.175691957597659
Equity,South America_Northern,BC,0.014100203042213,0.01568551851516298,0.02148897510763298,0.01642193166037397
Equity,South America_Northern,CH4,10.236062624469712,11.260540407587628,13.470083323937828,9.127537576664539
Equity,South America_Northern,CO,3.763307452795147,3.7915110464844797,3.5921216813247177,3.604055336130018
Equity,South America_Northern,NH3,0.25814240629048585,0.299541911997955,0.39004735586755374,0.4959844413014347
Equity,South America_Northern,NMVOC,1.0047674053848208,1.1075104317548288,1.477015655569437,1.201257332106489
Equity,South America_Northern,NOx,0.306664013895828,0.3138689828261218,0.47517979849236186,0.399975679613448
Equity,South America_Northern,OC,0.07585209787249998,0.09125062915833898,0.10011578588103798,0.07952168907342698
Equity,South America_Northern,PM,0.12397872330410929,0.14774247006310404,0.16680344642828063,0.131780140201412
Equity,South America_Northern,SO2,0.04080749049882797,0.04070891803822798,0.6739801637194179,0.2964925178350079
Equity,South America_Southern,BC,0.11242539106920695,0.09971461310202087,0.07592964470041097,0.04165198336777897
Equity,South America_Southern,CH4,7.438202854193179,7.840757647549525,8.314372055991052,6.8900077261785535
Equity,South America_Southern,CO,13.49043880766961,11.675348960817717,8.58348845187749,6.667236835491753
Equity,South America_Southern,NH3,1.0393283211655733,1.2364922499434925,1.447794091514404,1.5037510005938017
Equity,South America_Southern,NMVOC,2.829104705339936,2.6524093810522498,2.20202906436614,1.9655921804666507
Equity,South America_Southern,NOx,1.7082074682449324,1.6436838859183256,1.2209886971453925,0.6123824110866916
Equity,South America_Southern,OC,0.46145575785610277,0.4389127688395668,0.338175520065787,0.2616799226782958
Equity,South America_Southern,PM,0.7835496639103546,0.7373313338528036,0.5671136028645275,0.42001947113452
Equity,South America_Southern,SO2,1.882534777411991,1.6881799598487308,1.201978366137744,0.552345102481805
Equity,South Asia,BC,0.13039044272153497,0.12583477870968096,0.11126631553211498,0.05593253680471697
Equity,South Asia,CH4,7.677574997633555,8.891054140836445,10.425526123942367,10.47039523134392
Equity,South Asia,CO,10.257733721072308,10.529806696659096,10.77163678196097,7.102909956135314
Equity,South Asia,NH3,1.8335800386160894,2.2234128408114744,2.86942222950917,3.4436690463400432
Equity,South Asia,NMVOC,2.689525681683958,3.1240478537549228,3.7449407620509727,4.304407403655491
Equity,South Asia,NOx,1.8203444447107746,1.869168457780393,1.905721628144151,1.9367078376334153
Equity,South Asia,OC,0.4514488285502499,0.43263349882384283,0.37105313884734986,0.18237319182634798
Equity,South Asia,PM,0.7890013118205459,0.7570841598987444,0.6529989356370369,0.32231945479686624
Equity,South Asia,SO2,0.7159700005503529,0.9730101544070069,1.405418644018027,0.6697535933589798
Equity,South Korea,BC,0.02243371582185998,0.01641026396256898,0.01009871491794198,0.004056591275134999
Equity,South Korea,CH4,1.1699012339001997,1.05650668358161,0.8348751705433028,0.5140040553615127
Equity,South Korea,CO,1.1028455933622558,0.6963181139771879,0.38154940063298465,0.27518158263316783
Equity,South Korea,NH3,0.312915841473387,0.33373639923258885,0.34813164336759683,0.336076896796854
Equity,South Korea,NMVOC,0.6582535219091998,0.48528155881610985,0.4395379096117738,0.3572356923998218
Equity,South Korea,NOx,1.3548472059442436,0.8350727062209641,0.5550354905830039,0.428801142028631
Equity,South Korea,OC,0.05240629949731999,0.04596359740199589,0.03392577517297599,0.01289489644735798
Equity,South Korea,PM,0.09961809568521358,0.08377923464368002,0.05962244490709187,0.02290195232237043
Equity,South Korea,SO2,0.24086941985411298,0.11988150682647497,0.04296397429999197,0.0253471478403999
Equity,Southeast Asia,BC,0.455872690720553,0.42120414804530393,0.31318422122074097,0.14801836813630495
Equity,Southeast Asia,CH4,21.067459109585137,21.11988259650133,20.943472324569775,15.461798696998812
Equity,Southeast Asia,CO,54.35049399975362,47.820011478796204,34.12912857275886,19.82247146847909
Equity,Southeast Asia,NH3,3.469143381351465,3.9356966608059754,4.637954110332179,4.619244667438139
Equity,Southeast Asia,NMVOC,14.411191891462767,13.793743450359617,11.211850080971221,7.870127884695521
Equity,Southeast Asia,NOx,9.46157384136669,7.802932785742675,5.2959731223938,3.0200182718835027
Equity,Southeast Asia,OC,1.6259686347693356,1.5586150237033183,1.222251205640762,0.6666331465885827
Equity,Southeast Asia,PM,2.8265951075127584,2.6921440467455797,2.0923218674091046,1.116105604571609
Equity,Southeast Asia,SO2,3.1778110068758942,2.9926180802068614,2.1073889139160475,0.6730687447376237
Equity,USA,BC,0.19253985874406299,0.14471729547951195,0.08213909129551995,0.03993921212935996
Equity,USA,CH4,26.153307021120863,19.59864794124987,18.05384489516719,19.22746999488091
Equity,USA,CO,40.36221867083985,27.9039257543255,15.81712375292345,9.244828704162991
Equity,USA,NH3,3.678533877822371,4.142145443967668,5.0897626075434,6.623994872030916
Equity,USA,NMVOC,11.54117035436963,9.278568013249116,8.428294161094783,8.980359659366576
Equity,USA,NOx,9.379109834815322,6.552630352575308,3.786710874770726,2.5233921226981524
Equity,USA,OC,0.8593394281447748,0.700321552949483,0.5426620346641208,0.461814242677058
Equity,USA,PM,1.4406492268654973,1.1606488457452238,0.866359709994765,0.704327500370489
Equity,USA,SO2,2.09877783224997,0.9109861407923588,0.623447619114892,0.46208239923481487
Ref,Africa_Eastern,BC,0.357041512346575,0.399550814269178,0.4524691294084489,0.493581582886585
Ref,Africa_Eastern,CH4,8.062301374892696,10.101736127276945,14.769165516829368,21.87225762812706
Ref,Africa_Eastern,CO,37.19478585502285,39.50896569054192,39.111514645485066,36.15029104294884
Ref,Africa_Eastern,NH3,2.6537055653115558,3.359691978433681,4.96490875281608,7.365647718432197
Ref,Africa_Eastern,NMVOC,7.6733783709806485,8.905405126892036,11.299250403369777,13.84477442074808
Ref,Africa_Eastern,NOx,2.28869998979853,2.5073432814440633,3.511454768744856,6.463327827063954
Ref,Africa_Eastern,OC,1.498988259928914,1.6496081584850328,1.8212609654892788,1.6171067201071248
Ref,Africa_Eastern,PM,2.53629887527958,2.7984455623296935,3.1021192229989625,2.855402350928432
Ref,Africa_Eastern,SO2,0.4868740009942398,0.5856463839030539,1.017695170880888,2.0083409930470677
Ref,Africa_Northern,BC,0.20138768313714997,0.201504859281202,0.21464456386477998,0.3300585463251919
Ref,Africa_Northern,CH4,9.661538201586698,11.66199349617186,17.343815708645657,24.790839528616978
Ref,Africa_Northern,CO,5.9822723363711034,6.365785878562355,7.389497271539977,11.132100497858309
Ref,Africa_Northern,NH3,0.8592341455922614,1.0337295340093249,1.3694642010347247,1.9876763750857434
Ref,Africa_Northern,NMVOC,2.723577439472479,3.0996080587883017,4.085124942130856,6.221498980703775
Ref,Africa_Northern,NOx,3.2511985426466596,6.253090128799433,10.867012210869195,24.836713759000382
Ref,Africa_Northern,OC,0.303709919542991,0.3499411219183039,0.434153760626348,0.619872330748275
Ref,Africa_Northern,PM,0.6558316363973421,0.7220711495524968,0.8569488979469357,1.2494818339277445
Ref,Africa_Northern,SO2,1.200805873211696,1.162144708753337,1.0837022014181878,0.9700375337949809
Ref,Africa_Southern,BC,0.487571205085846,0.5082931301581468,0.5164967469745537,0.5830418424252856
Ref,Africa_Southern,CH4,11.389029366707247,13.043087704577484,17.366857575849853,33.375596446838316
Ref,Africa_Southern,CO,71.12482973564632,81.44885951972103,163.43011110760716,368.77014341778505
Ref,Africa_Southern,NH3,1.6857894265154196,2.0096467008230836,2.7220442764701165,4.247922167353762
Ref,Africa_Southern,NMVOC,14.099496634528277,15.588817424026374,22.594686097326196,38.34617432339854
Ref,Africa_Southern,NOx,4.4924288982790905,6.257127391933611,22.909613415426733,80.83358944707135
Ref,Africa_Southern,OC,2.783073387288389,2.864276147113365,2.84706682142172,2.640696735461851
Ref,Africa_Southern,PM,4.516123269416827,4.655037333546074,4.639451976305069,4.417542358378262
Ref,Africa_Southern,SO2,1.985813720720041,3.004941159127829,6.984966917905964,13.012243503472886
Ref,Africa_Western,BC,0.8609423146172018,0.9474554377935416,1.0261741249747887,0.9737528364405008
Ref,Africa_Western,CH4,20.701514696594803,26.66237032231103,37.75640170657601,49.00874671026913
Ref,Africa_Western,CO,115.56423004659956,124.128086865724,128.27427422237022,122.81937365283183
Ref,Africa_Western,NH3,3.8194102143098205,4.739266967029147,6.923731793999655,9.91658311705177
Ref,Africa_Western,NMVOC,23.3118498747768,26.72284668445593,31.620585696023305,35.869589694025656
Ref,Africa_Western,NOx,6.021415097989211,6.499137509474049,8.022193441034348,13.205074871114396
Ref,Africa_Western,OC,4.439726904457897,4.896327012141282,5.244935340037873,4.467560264392915
Ref,Africa_Western,PM,7.295846019453716,8.043948608934931,8.629049073726428,7.45973929816642
Ref,Africa_Western,SO2,0.9348620603285359,1.0749654660673287,1.5940625525476326,3.137488316299013
Ref,Argentina,BC,0.05761020925863696,0.04699382935275398,0.03720651367214196,0.04021513050252296
Ref,Argentina,CH4,5.078943925869684,5.649076719608318,6.593605168622143,8.248882292725506
Ref,Argentina,CO,5.500364071751638,4.794705520043925,3.9031618024710313,3.8666430671684133
Ref,Argentina,NH3,0.5387282816718137,0.6040278359109928,0.6979903961138549,0.7796225871894585
Ref,Argentina,NMVOC,1.2050776100636857,1.0882112890404319,0.968733049364289,1.1512977483041669
Ref,Argentina,NOx,1.2674598145589886,1.0232671119255397,0.7898118319397607,0.8713428550619546
Ref,Argentina,OC,0.21899906199829788,0.203895950425086,0.182322210224983,0.17195068883451595
Ref,Argentina,PM,0.3765398888420667,0.34326442139590235,0.30164792566108184,0.2901261285861331
Ref,Argentina,SO2,0.18719092695397888,0.14855392692440397,0.10860462481446696,0.09002421112164995
Ref,Australia_NZ,BC,0.11535539725432994,0.11001585884759396,0.10816486239073698,0.11084202389025795
Ref,Australia_NZ,CH4,7.019294654255293,7.801825404859519,9.124985613445856,12.99356883373278
Ref,Australia_NZ,CO,18.101576828069334,17.499042748533466,17.034043211727287,17.366943569879957
Ref,Australia_NZ,NH3,0.9691377950397105,1.1769436345115405,1.469959566523315,1.9047587134714552
Ref,Australia_NZ,NMVOC,3.751205557334065,3.6826845412571667,3.7437121668862128,4.170802804658213
Ref,Australia_NZ,NOx,2.0399883549844846,1.8223487407310979,1.7399796903676656,1.9283832832555254
Ref,Australia_NZ,OC,0.8391951222894668,0.830736533965275,0.823656898418456,0.8138902092329877
Ref,Australia_NZ,PM,1.3269399618537006,1.3089706883026968,1.296810713368203,1.2857892254824563
Ref,Australia_NZ,SO2,0.9123806935993298,0.6051468154662268,0.472935011568151,0.3232019836694148
Ref,Brazil,BC,0.26566524259448493,0.24982829126341485,0.22705397811327396,0.20555484014094996
Ref,Brazil,CH4,19.084431878303743,20.72316700199889,22.36477719436129,22.81574592312669
Ref,Brazil,CO,30.634600270305043,28.100933862490685,23.477918966455896,20.74556529053591
Ref,Brazil,NH3,3.3556491483321587,3.8020453996479615,4.525332076740297,4.884678960168422
Ref,Brazil,NMVOC,7.470759876273612,7.034950729996764,6.048868261042953,5.150779965320527
Ref,Brazil,NOx,4.803076634446547,4.726857691124825,5.0460154197364595,6.1360097596218095
Ref,Brazil,OC,1.168759953063186,1.2210054082290116,1.113498159718398,0.804480092374511
Ref,Brazil,PM,1.9635584997342894,2.0208488541572436,1.8420617443219105,1.3765168562505958
Ref,Brazil,SO2,1.7747848948169749,1.559145971990309,1.4558949897642608,1.3417485633218498
Ref,Canada,BC,0.09096937110011798,0.10310584171865195,0.09458585354838994,0.06111252474933091
Ref,Canada,CH4,5.029416834885222,5.822391807877417,7.21398905403551,7.057670933920274
Ref,Canada,CO,20.52414304044898,21.916982256489188,19.406595891600837,13.089432164189448
Ref,Canada,NH3,0.8313571711372276,0.9629112321938356,1.0820099271163877,1.1966906411624696
Ref,Canada,NMVOC,4.6604942019022255,5.11280511050686,5.096398261606469,3.846028473734636
Ref,Canada,NOx,1.7281388132335047,1.4603024198396735,1.1871706148368437,1.0489446999345726
Ref,Canada,OC,1.141672014336491,1.260915407925407,1.1731199152634417,0.8427023553772689
Ref,Canada,PM,1.7326572887113119,1.9165254592238496,1.7816059177299508,1.2722881454137587
Ref,Canada,SO2,0.8861913607087778,0.6590212501072019,0.475465156154679,0.29740506504895775
Ref,Central America and Caribbean,BC,0.09110664887468198,0.08305352572562395,0.07033771177275198,0.06636328614997997
Ref,Central America and Caribbean,CH4,3.60143700199541,3.904163313109796,4.392139976080681,5.208194003465698
Ref,Central America and Caribbean,CO,10.5370801211521,8.801990948989324,6.7355103915675505,7.966324686557128
Ref,Central America and Caribbean,NH3,0.7347087416137918,0.8079394739018778,0.9230098924117556,1.0235084561935717
Ref,Central America and Caribbean,NMVOC,2.3275738330559776,2.1026256307425277,1.7811934087847368,2.1716738314596435
Ref,Central America and Caribbean,NOx,1.909348651338481,1.608879629611322,1.2959191643950358,1.3671806103421529
Ref,Central America and Caribbean,OC,0.3305541338663229,0.3253889782769448,0.28478796838268,0.19019341779741197
Ref,Central America and Caribbean,PM,0.5729097251909919,0.5566651172342175,0.48461827773725963,0.3449762022152772
Ref,Central America and Caribbean,SO2,1.056698550005303,0.8768665756422239,0.619234820480872,0.5825967796889319
Ref,Central Asia,BC,0.06901138590982697,0.06014532220814896,0.04843165651939396,0.04527105853516496
Ref,Central Asia,CH4,9.4369519875179,11.04921636745793,13.345767291239698,12.528533884785576
Ref,Central Asia,CO,9.68642079097862,8.54783128905007,7.057047317435545,8.020066495467464
Ref,Central Asia,NH3,0.49309982999393676,0.5491231464129989,0.6322278502475059,0.669171357181095
Ref,Central Asia,NMVOC,2.161384991143379,2.0854759396449425,1.9881381490337529,2.0700673568950543
Ref,Central Asia,NOx,2.178244430854915,2.124048505130247,2.1048382778043564,2.146238476909518
Ref,Central Asia,OC,0.33774688098522193,0.3053384200990609,0.24473172194580786,0.21814490725676094
Ref,Central Asia,PM,0.5588905643096772,0.5027937951706212,0.4032411845538387,0.3617453817658497
Ref,Central Asia,SO2,2.55275739114938,2.242257879476477,1.6556285265674406,0.8994123829325279
Ref,China,BC,1.2664395698838349,1.0997391769772047,0.9283867569865287,0.6259802617352239
Ref,China,CH4,58.06283832544187,61.3500593304886,56.506884692386365,33.24468056616749
Ref,China,CO,139.9027353731022,99.98360313391787,72.62231652019015,46.2150491921837
Ref,China,NH3,13.40456879338235,14.751339990600364,15.035119531671409,11.329323613073388
Ref,China,NMVOC,29.721403568461888,25.331967331668682,23.6375530520708,15.992415785213185
Ref,China,NOx,26.683241762134784,23.64979341486839,21.141943738836208,15.709465814382881
Ref,China,OC,1.9969262605054536,1.671164588408689,1.3964777203853107,0.8831389415824407
Ref,China,PM,4.3104400349648255,3.59912117163003,2.9802885522553737,1.9046519537027924
Ref,China,SO2,17.153540235285583,12.101681969063709,7.609677959054762,3.2197545519180597
Ref,Colombia,BC,0.041852084405559986,0.03686252861444096,0.03326846828285497,0.03734433326923896
Ref,Colombia,CH4,4.369647294324917,4.606684358828569,5.204767847800855,5.145281947678061
Ref,Colombia,CO,4.604465735006035,3.86459545808292,3.154266175924867,3.582993776767013
Ref,Colombia,NH3,0.47935369709147185,0.5483582010977789,0.6679899800058849,0.7425179150840067
Ref,Colombia,NMVOC,1.147804441016757,1.0840753091196156,1.0434393875781756,1.1771342914399798
Ref,Colombia,NOx,0.5945154981143089,0.6037353451428928,0.66844283489944,0.8956131834638739
Ref,Colombia,OC,0.14789989924684696,0.13821421907101797,0.12882572397682798,0.11478399709207997
Ref,Colombia,PM,0.2575341487691072,0.23819511474744082,0.22081610039800453,0.2052198824378373
Ref,Colombia,SO2,0.1806964305338579,0.20073624601906298,0.20648278658854385,0.18387590519732164
Ref,EU-12,BC,0.05913907814179798,0.04551736891186597,0.031308894451511964,0.02691073528729598
Ref,EU-12,CH4,5.6034453870955,5.857572196168337,6.155373431543228,5.577212936149659
Ref,EU-12,CO,4.819442657930717,3.4488378248711777,2.2359814629801327,1.6717484279960864
Ref,EU-12,NH3,1.0293736616267928,1.1051553894195123,1.2241257709761755,1.4292756177772818
Ref,EU-12,NMVOC,1.4624802183159338,1.275548773560324,1.2514502718261797,1.177462733898606
Ref,EU-12,NOx,1.6177939451396806,1.3141279148613547,1.1534459310551444,1.1188378607615959
Ref,EU-12,OC,0.25020428369854,0.22578816225162293,0.14894609123753988,0.09941956479344197
Ref,EU-12,PM,0.42284511164489,0.3729461778228734,0.2474326943663452,0.17177178647064764
Ref,EU-12,SO2,1.127371759026262,0.8329127029455637,0.6571684792305649,0.424616252000198
Ref,EU-15,BC,0.12142985504942598,0.09225196239477096,0.05881573366483595,0.06033738867855786
Ref,EU-15,CH4,17.594211050207512,18.192983475336824,20.167174126849616,25.488412745411342
Ref,EU-15,CO,10.701654791439573,9.319501428848675,5.514368230204674,5.15872632974825
Ref,EU-15,NH3,3.723810615556294,4.008686946320295,4.697315416608064,5.889614695166808
Ref,EU-15,NMVOC,4.476171093379829,3.829553507968842,4.028301811958492,5.631959918874693
Ref,EU-15,NOx,7.368261443957198,4.782979866330888,3.1900646396457115,3.1243154896906424
Ref,EU-15,OC,0.265571326635205,0.27228751419594893,0.13300327000504766,0.09768241008233078
Ref,EU-15,PM,0.5133398376427117,0.49084830393445517,0.2548919831385378,0.2060569739641467
Ref,EU-15,SO2,1.2076744034647857,0.8478543073629259,0.574222273844007,0.5466491058938525
Ref,Europe_Eastern,BC,0.04542829817812797,0.04327208512004597,0.03640912970685898,0.03038248153319897
Ref,Europe_Eastern,CH4,6.251983527447834,7.349242348065505,12.74166331978767,12.27927696684726
Ref,Europe_Eastern,CO,4.622655544357327,4.468136137134179,3.6948088270155632,3.1095819501085695
Ref,Europe_Eastern,NH3,0.7867985853819748,0.8315532090042543,0.9059523296104653,1.0223597796451032
Ref,Europe_Eastern,NMVOC,1.576211230351645,1.6050657933496368,1.76115015441982,1.9763621476678015
Ref,Europe_Eastern,NOx,0.9627326703214955,0.9971869682923948,1.2056676132959587,1.215035932577006
Ref,Europe_Eastern,OC,0.17641610742001196,0.18565104355514198,0.14303373971426894,0.13439862385980395
Ref,Europe_Eastern,PM,0.30224616160655793,0.31308028591590364,0.24458829046894953,0.22561076180603856
Ref,Europe_Eastern,SO2,0.8589296956421828,0.762210079364128,0.7791148951495468,0.766321733175688
Ref,Europe_Non_EU,BC,0.06891500836513799,0.05387209289307988,0.04075557436743086,0.04532063161494097
Ref,Europe_Non_EU,CH4,4.424564448630951,4.668419926746522,4.995921530227359,4.974202781250389
Ref,Europe_Non_EU,CO,3.096600163852,2.5902171607865228,1.6337894039056786,1.2484289509118258
Ref,Europe_Non_EU,NH3,0.9269079057104428,1.039029477004547,1.172963614626486,1.243377002198341
Ref,Europe_Non_EU,NMVOC,0.9793917865892159,0.895860443611743,0.8185269250576328,0.8802209879813397
Ref,Europe_Non_EU,NOx,1.1132836600662368,0.9341975056032519,0.8589396514427089,0.9506445989815118
Ref,Europe_Non_EU,OC,0.14686364635810897,0.12792134602465996,0.08215440221032792,0.06311709739684095
Ref,Europe_Non_EU,PM,0.2858215234937477,0.24218682699765168,0.16231192696494295,0.1401101440539177
Ref,Europe_Non_EU,SO2,2.0978106856353618,1.710471448291134,1.56071156487613,1.102577779170545
Ref,European Free Trade Association,BC,0.005258494008875999,0.009298778880480979,0.00592700728753698,0.004600338820841989
Ref,European Free Trade Association,CH4,0.4363181662030338,0.508720759972789,0.6052756178799437,1.008404351586656
Ref,European Free Trade Association,CO,0.735432754344774,1.5447997601375338,0.8405984503193468,0.38675973381733975
Ref,European Free Trade Association,NH3,0.10226545400351195,0.11838954744037596,0.12223747227732194,0.13845541085468097
Ref,European Free Trade Association,NMVOC,0.26285459672354,0.384041987469141,0.23081855810526186,0.17855471481956298
Ref,European Free Trade Association,NOx,0.22397595038223697,0.18468928343665192,0.15543228115270696,0.15929871332850998
Ref,European Free Trade Association,OC,0.020387936167548998,0.060366035186268985,0.02533327598926298,0.00555230445124198
Ref,European Free Trade Association,PM,0.03493909212935866,0.09655208708489375,0.04274629268093675,0.01300016806820223
Ref,European Free Trade Association,SO2,0.03269054386486798,0.041551383352887876,0.04278806776651498,0.03525293019248988
Ref,India,BC,0.9811812287157967,1.002967159685166,0.9735847144591327,0.9177965786301379
Ref,India,CH4,36.94981262944616,43.84740464000731,55.44427017827602,61.09413126797723
Ref,India,CO,55.81704070482468,49.68175720743307,41.17386430795641,39.06483540623618
Ref,India,NH3,10.855392244413984,12.750888583024993,16.01341421838677,17.358610426377904
Ref,India,NMVOC,12.843927493398027,14.472112950614251,15.383081783566702,19.03692503940898
Ref,India,NOx,10.980669225320357,12.777864713142032,14.328587909788093,15.432352708328285
Ref,India,OC,2.787108819157115,2.792674886864223,2.5866064381845297,1.899438219445328
Ref,India,PM,5.0648649629820515,5.096788963869523,4.7697903925089244,3.7257728902999707
Ref,India,SO2,10.717479357312316,14.152081682248541,17.00523485001322,11.14449544610729
Ref,Indonesia,BC,0.30122690627559395,0.26143508574112195,0.21249019698630886,0.18234014550396885
Ref,Indonesia,CH4,14.169205572609812,15.700215008814595,16.922931974196405,14.094274012899236
Ref,Indonesia,CO,30.291815657373593,26.82056670822461,21.66498392861998,18.121779140364847
Ref,Indonesia,NH3,2.1972790302056078,2.583368979858592,3.2299193375955118,3.1407789789460465
Ref,Indonesia,NMVOC,9.891719633561621,9.938758246414086,9.483797607804748,8.397606792918873
Ref,Indonesia,NOx,4.566076007296055,4.412238807164329,4.138233536663345,4.368367436687076
Ref,Indonesia,OC,1.0310717828849199,0.8984491640126189,0.7063988558138408,0.4391698968668118
Ref,Indonesia,PM,1.805782246428589,1.5723608988532793,1.2438895804987322,0.8285871125739067
Ref,Indonesia,SO2,2.347449716653068,2.4404901812459707,2.364034553998458,1.5657567893419067
Ref,Japan,BC,0.038249501547293,0.03039316109675695,0.021815256394611002,0.014982743046302989
Ref,Japan,CH4,1.580843287669678,1.3952009551163598,1.414405849749781,2.4888065498515073
Ref,Japan,CO,5.488241962282925,4.044691415700867,3.2656386892323988,2.728373665970399
Ref,Japan,NH3,0.4660515682445179,0.46792484786827987,0.4703043549490778,0.4473901437107098
Ref,Japan,NMVOC,0.7211969381931809,0.6046777884015808,0.5636048077985328,0.5191765210779709
Ref,Japan,NOx,1.7431482378740377,1.2274502223966908,0.8266767555713319,0.679770763068357
Ref,Japan,OC,0.058573554323831975,0.07245036562132695,0.05383915567742698,0.022870784597039992
Ref,Japan,PM,0.12583463438510206,0.13703650004493023,0.10098677465279271,0.04918623932470049
Ref,Japan,SO2,0.43382565524113786,0.28288949100062066,0.19838251460830095,0.149293779867317
Ref,Mexico,BC,0.10029019502670497,0.10334571702032595,0.09665808792941095,0.09280188744632897
Ref,Mexico,CH4,6.706298421595099,7.158772894377372,7.408897698755054,8.516631068811042
Ref,Mexico,CO,12.33805963275346,9.981082734319775,7.3215841493301115,8.03440006487349
Ref,Mexico,NH3,0.9450981576529486,1.0555634581355327,1.2209327248566746,1.3656331275827978
Ref,Mexico,NMVOC,3.124905565999007,2.7543915818344638,2.2644151566082003,2.6958582721807045
Ref,Mexico,NOx,2.3122390388864327,2.1880528018137726,2.1022122564973706,3.0182268850589575
Ref,Mexico,OC,0.3391742473693139,0.388087196252854,0.37464336960131395,0.22999964463126496
Ref,Mexico,PM,0.5953383882674944,0.6686449793639399,0.642063915252231,0.4309815680136709
Ref,Mexico,SO2,0.957146144099622,0.853939749755962,0.7641689007393999,0.670321817184936
Ref,Middle East,BC,0.31143899020001986,0.2606944465768279,0.18989884677793198,0.2968980973370229
Ref,Middle East,CH4,22.98417421129813,24.323664943866998,24.19584987429337,26.073852437935848
Ref,Middle East,CO,16.007125739147515,11.865103199618297,7.862294597215039,9.901607420226526
Ref,Middle East,NH3,1.1464838798538297,1.3594612751755117,1.8193044500647766,2.2704082751464623
Ref,Middle East,NMVOC,9.39377112677855,7.795788358309376,6.487795436524277,6.2837612938816
Ref,Middle East,NOx,9.471271298734726,7.140262592807366,4.522276140494604,4.585855037301967
Ref,Middle East,OC,0.17309211351836798,0.141701347613307,0.11366809068305199,0.14507031477819396
Ref,Middle East,PM,0.5901046115512882,0.4893968183215397,0.3714341011324896,0.5340384572035426
Ref,Middle East,SO2,8.630448773029652,6.6942520082340415,3.944657137872224,1.957742356255465
Ref,Pakistan,BC,0.149384225683775,0.14694408279935495,0.14215783971387397,0.1523248154610239
Ref,Pakistan,CH4,7.6479119103455,9.15182192911328,13.150773461331626,19.53730233562543
Ref,Pakistan,CO,11.203023156772566,11.588036004245712,11.854590530591128,13.47235582611982
Ref,Pakistan,NH3,2.0242058991621925,2.3871909537909293,3.288110097422444,4.33311031281911
Ref,Pakistan,NMVOC,2.8987908380502048,3.1761100931204567,4.11524824374845,6.210061780449593
Ref,Pakistan,NOx,1.5425556430189717,1.624677453545103,2.067801272028406,3.2841716985603076
Ref,Pakistan,OC,0.470597522336684,0.475570271406021,0.494125230017177,0.532953022601963
Ref,Pakistan,PM,0.8372771051936106,0.8417039791899006,0.8629727026098246,0.9296801193279334
Ref,Pakistan,SO2,1.345334095333288,1.540998645788567,2.3054115938420887,3.1963895300086946
Ref,Russia,BC,0.28623987270775275,0.26377088399286774,0.23001194166876687,0.19261462393065684
Ref,Russia,CH4,25.00505998614107,28.452628778908096,35.231213934465124,36.58010084701992
Ref,Russia,CO,46.106484787213994,45.50472770616245,43.519884374415554,37.90406703441641
Ref,Russia,NH3,2.009392642252185,2.0805173098347374,2.2665924250547658,2.3501123790445053
Ref,Russia,NMVOC,11.944743515985655,11.7875831182325,12.051501433572218,11.624202304508126
Ref,Russia,NOx,5.7551214980015875,4.66581743460612,3.7904822688406146,3.051450534402415
Ref,Russia,OC,2.606561574432912,2.7274787039197284,2.6210751844519384,2.340347769740551
Ref,Russia,PM,4.042246911417592,4.190442518997366,4.001150649601915,3.5585733970527107
Ref,Russia,SO2,6.008846397096111,4.502431469123659,3.335882067087175,3.209019517469814
Ref,South Africa,BC,0.09683950217359599,0.08135916507440395,0.062545811831731,0.061285537503451976
Ref,South Africa,CH4,2.8885790149540718,3.433520913872232,4.556588555967608,4.776447756067578
Ref,South Africa,CO,7.447502860871603,6.682810634058277,5.489762719294975,4.136798887121415
Ref,South Africa,NH3,0.36597471708580287,0.42065112172797164,0.5262947483607829,0.6146781448195648
Ref,South Africa,NMVOC,2.0409929500712396,1.949303049191766,1.8057539825404538,1.9028869919039149
Ref,South Africa,NOx,2.0738705413800096,1.734474414542567,1.4162426253062608,1.0277908683130847
Ref,South Africa,OC,0.20097431325313286,0.18061187804742188,0.15702118562410386,0.14045058339623365
Ref,South Africa,PM,0.3939167203429357,0.3477700671896577,0.29334068845737266,0.26825842551041135
Ref,South Africa,SO2,2.796877063258036,2.327958459603527,1.9027965294708327,0.915022528607015
Ref,South America_Northern,BC,0.014100203042223,0.016218016753642,0.02308183821104097,0.01891672420472798
Ref,South America_Northern,CH4,10.236062624469712,12.15626901040952,15.316635858456436,12.273202083223596
Ref,South America_Northern,CO,3.763307441795147,3.8846440467776295,3.8420167934140625,4.23451788805701
Ref,South America_Northern,NH3,0.25814240619048584,0.2945105269629638,0.3729759859438108,0.4403759879208787
Ref,South America_Northern,NMVOC,1.0047674053848208,1.157835126297554,1.574372474453647,1.3393112008379298
Ref,South America_Northern,NOx,0.306664013895828,0.3115064793201729,0.5171672276270157,0.6161341901317368
Ref,South America_Northern,OC,0.07585209787239998,0.09598153677125998,0.11128478075366996,0.08268098715946297
Ref,South America_Northern,PM,0.12397872330397729,0.155093416011908,0.18452725850989316,0.13904220826323285
Ref,South America_Northern,SO2,0.040807490398727976,0.04190601898708099,0.722000017184879,0.35481000537258384
Ref,South America_Southern,BC,0.11242539206919595,0.10174058793743494,0.09002805981269198,0.09556515731249095
Ref,South America_Southern,CH4,7.438202854193179,8.190851597299268,9.323002924888527,10.25837691788297
Ref,South America_Southern,CO,13.490438807659611,12.101934437024902,10.198538012813593,9.867500823116815
Ref,South America_Southern,NH3,1.0393283111655733,1.2218812675584274,1.4950261614420997,1.7345736833961096
Ref,South America_Southern,NMVOC,2.829104705339936,2.7496481034050264,2.5533071637245035,2.528669922136616
Ref,South America_Southern,NOx,1.7082074682448325,1.7383710891992818,1.7478670477333498,1.8538508090942973
Ref,South America_Southern,OC,0.46145575785610277,0.45721030244453187,0.411893675208003,0.32072562147190586
Ref,South America_Southern,PM,0.7835496650103426,0.7657253792268591,0.6880388213414056,0.5637593117485654
Ref,South America_Southern,SO2,1.882534777411991,1.7731412291887299,1.541074897546218,0.9346525413451707
Ref,South Asia,BC,0.13039044272153497,0.12679124902709396,0.12712675645703486,0.16556963741045197
Ref,South Asia,CH4,7.677574997633555,9.108000057377442,11.267854017541278,13.893527151013501
Ref,South Asia,CO,10.257733721072308,10.61861511874575,12.222306346787375,19.303627736531805
Ref,South Asia,NH3,1.8335800397159896,2.2153946504874367,2.8803607442864467,3.5409250497001357
Ref,South Asia,NMVOC,2.689525681683958,3.1313331039683483,3.8900237608108497,5.868629181038905
Ref,South Asia,NOx,1.8203444446907746,1.8933586125190696,2.0529262343635306,3.5074638129446907
Ref,South Asia,OC,0.4514488285502499,0.43790877367467396,0.436141868937889,0.515248843142489
Ref,South Asia,PM,0.7890013118205459,0.7656799202845872,0.7635223046839197,0.9189324468452565
Ref,South Asia,SO2,0.7159700005503529,1.0096999129191448,1.680372616096422,2.681717562472023
Ref,South Korea,BC,0.02243370079018997,0.017990809519039978,0.01445989576962997,0.009533844666930979
Ref,South Korea,CH4,1.1699012314231998,1.1871067683297998,1.1932081724627497,0.8076974255485216
Ref,South Korea,CO,1.102845451890256,0.800567324576099,0.6097568060652909,0.3391957269788869
Ref,South Korea,NH3,0.312915836311367,0.3291152047812089,0.33650354935649995,0.2803545489207629
Ref,South Korea,NMVOC,0.6582534971361398,0.50672465366644,0.496495437587802,0.40246990801544197
Ref,South Korea,NOx,1.3548472402412435,0.9006339892488289,0.7162855838857647,0.589393035227036
Ref,South Korea,OC,0.05240629567961996,0.04806756079737897,0.04364112668712898,0.02590322401274797
Ref,South Korea,PM,0.09961807369106558,0.08852650241119595,0.07831269650918744,0.04752883947185372
Ref,South Korea,SO2,0.24086950004409297,0.143209575452695,0.08908129035353096,0.06038430847488298
Ref,Southeast Asia,BC,0.45587267961944195,0.43514243924699975,0.39424312473753387,0.3542787318068327
Ref,Southeast Asia,CH4,21.067458109383125,23.153353774367282,25.77608375188499,26.964299636845336
Ref,Southeast Asia,CO,54.350493098653615,49.69153640450027,40.09373453075716,30.388582040691805
Ref,Southeast Asia,NH3,3.469143372239365,3.974185095601244,4.881308728885541,5.269149616454808
Ref,Southeast Asia,NMVOC,14.411191891252768,14.123784086365736,12.310191651982873,10.736188996843754
Ref,Southeast Asia,NOx,9.46157393936369,8.015511125508159,6.389439119067401,5.9994853276059334
Ref,Southeast Asia,OC,1.6259685245692357,1.6211952611084686,1.5462004414814698,1.1638512200721247
Ref,Southeast Asia,PM,2.8265949377153934,2.79696590655681,2.6447340685297895,2.0540138496906546
Ref,Southeast Asia,SO2,3.177811003864793,3.1805715505394816,2.901451346611086,2.1741430543977116
Ref,USA,BC,0.19253985974406299,0.16535806328224997,0.13360705011579585,0.12932929113251695
Ref,USA,CH4,26.153307021120863,27.026103280057576,31.042977850143174,37.24602850111576
Ref,USA,CO,40.36221867083885,30.943507328803904,22.791573646628265,20.71542763988694
Ref,USA,NH3,3.678533888822251,4.099237190674142,4.997357382109554,5.985838349410888
Ref,USA,NMVOC,11.54117035336863,10.57823026352213,11.55642105510336,12.902240533429316
Ref,USA,NOx,9.379109844705322,6.812828833767843,5.2104956034863035,5.456566668597048
Ref,USA,OC,0.8593394281447748,0.8230691289581219,0.7348530179873618,0.5320887866729308
Ref,USA,PM,1.4406492279654974,1.3588827240205892,1.1978075708493028,0.9031491851880598
Ref,USA,SO2,2.09877783223887,1.235609182924976,1.2301167160541038,1.134200602867511
Efficiency,Africa_Eastern,CO2,130.6884899278904,15.402860896480998,-71.7942994845382,43.80982443355306
Efficiency,Africa_Northern,CO2,170.9259906116144,179.61907348133883,171.11046837771082,131.85619061562724
Efficiency,Africa_Southern,CO2,79.0145174638663,-33.6691049953624,-37.9189039704214,38.385643068805855
Efficiency,Africa_Western,CO2,208.96442194261851,-28.4389133108438,-68.93925316511199,204.95265385442718
Efficiency,Argentina,CO2,76.1288842687916,60.42185558749598,20.198962162332798,-12.88231609873881
Efficiency,Australia_NZ,CO2,120.57097220682857,100.84640208341298,3.355863023491402,-10.6805563755269
Efficiency,Brazil,CO2,265.934074339321,34.46098223223761,-158.8140692042909,-87.4020624002822
Efficiency,Canada,CO2,175.54069096008385,75.45894762442879,-49.021289229518004,-45.37197850318369
Efficiency,Central America and Caribbean,CO2,72.5923743941266,85.0431353163754,40.41786204702,-40.17289830223617
Efficiency,Central Asia,CO2,133.7177745173306,138.8709209785358,93.01684212326076,12.43920702687924
Efficiency,China,CO2,3691.7217566383197,3362.5105685449525,1359.0930763714748,-260.92126840344804
Efficiency,Colombia,CO2,34.55784016353161,44.4792324332917,30.023770608045098,-26.32300629233027
Efficiency,EU-12,CO2,191.39776875681295,161.59742152053016,80.66348735349301,7.6221668842901575
Efficiency,EU-15,CO2,742.0566649139325,660.3338542402782,313.1879739411732,14.442374779433898
Efficiency,Europe_Eastern,CO2,79.22787479811736,66.95565025190311,36.2457863771504,7.18783310633542
Efficiency,Europe_Non_EU,CO2,131.37016335438244,124.97546566610231,80.74091445395437,28.971059241051723
Efficiency,European Free Trade Association,CO2,26.86863939636669,46.6579093152138,5.759348227862793,-24.08381457441377
Efficiency,India,CO2,791.9550696282712,891.3347337943691,848.3339590936121,142.07914665676805
Efficiency,Indonesia,CO2,238.5805700891371,259.6969881839429,172.3803372673006,-32.5325011074777
Efficiency,Japan,CO2,305.6783525169516,269.7154833991426,131.4321123389465,-36.515056031764544
Efficiency,Mexico,CO2,146.77405422604585,177.41027312677042,128.2830645768608,-57.215516696969935
Efficiency,Middle East,CO2,585.9424353185777,573.6572511366936,422.4804701448126,294.4587046906497
Efficiency,Pakistan,CO2,54.053414201615176,52.88231482942854,49.270767230261114,27.23898631461544
Efficiency,Russia,CO2,424.368268050334,391.4382603074028,182.5971292991793,21.433298450859397
Efficiency,South Africa,CO2,122.7160329088612,117.75875960187435,84.19389699181743,24.303354584614848
Efficiency,South America_Northern,CO2,22.2900232559565,33.1068623236415,21.77019028321709,9.968414511561779
Efficiency,South America_Southern,CO2,106.6219309968233,96.94877488690129,15.0929468270694,-60.461132615727095
Efficiency,South Asia,CO2,57.009358500579204,47.269838892420516,45.11167393818997,34.61829740225851
Efficiency,South Korea,CO2,178.684444406804,144.55953876053098,85.0616768621654,11.923716597420771
Efficiency,Southeast Asia,CO2,482.31926525560704,459.7648416518695,237.79293217907434,-25.93604024291037
Efficiency,USA,CO2,1324.3614927556712,1102.6996760583347,637.8503568822404,-334.5961653092269
Equity,Africa_Eastern,CO2,130.68846299335888,62.1492378442032,54.9750627735132,210.4532845957543
Equity,Africa_Northern,CO2,170.92599066348336,202.978567928617,249.60234931458425,172.55326767486898
Equity,Africa_Southern,CO2,79.0145183549642,15.316166916480999,41.1515478732775,139.2650746092734
Equity,Africa_Western,CO2,208.9644197504075,110.0604021863675,118.708658400073,414.5217362382195
Equity,Argentina,CO2,76.1288820741996,71.1874021714541,42.6720755739985,1.7137222027564007
Equity,Australia_NZ,CO2,120.57097219572857,13.891837211578569,-162.09733213816838,-342.81187446964543
Equity,Brazil,CO2,265.93407454451597,95.62868100575511,-57.50883107474701,-81.6837062594053
Equity,Canada,CO2,175.54071074906372,13.3116800844535,-194.8396603597838,-207.5256735990648
Equity,Central America and Caribbean,CO2,72.5923743685895,85.1764938688559,72.8664847329862,11.903611656321178
Equity,Central Asia,CO2,133.71777452529562,167.80604605416931,137.75015509219486,63.95873481335111
Equity,China,CO2,3691.5302140123886,3694.720192134727,1527.0406255259295,124.96041324696331
Equity,Colombia,CO2,34.55784006363161,44.0779372204089,43.3874345644101,2.3967559820140147
Equity,EU-12,CO2,191.39776996802607,167.48150403052253,60.718262737527255,-10.263889419120495
Equity,EU-15,CO2,742.0566675194501,448.5213431481214,-76.0336227151834,-556.8674941372786
Equity,Europe_Eastern,CO2,79.22788712191632,95.20957931404048,73.76067971031061,20.8310948575437
Equity,Europe_Non_EU,CO2,131.37016338897251,135.7585260753589,87.19185022006637,20.917698808319024
Equity,European Free Trade Association,CO2,26.86875387254739,-46.570802524700724,-85.44113548529955,-365.87785117119864
Equity,India,CO2,791.9550713701512,1177.747940909097,1660.0599104818002,559.4405717829617
Equity,Indonesia,CO2,238.5804698811248,262.899174039094,262.7183304771677,40.72829229061878
Equity,Japan,CO2,305.6783700706215,182.21055555946342,-69.051856811152,-118.45651283965206
Equity,Mexico,CO2,146.77405497852288,172.1218196573969,154.245828472842,13.47646731790838
Equity,Middle East,CO2,585.9424348825069,608.402107839131,560.0319942357373,391.0380123470717
Equity,Pakistan,CO2,54.053414087315176,64.94022472015563,117.69898088147772,155.21684878675072
Equity,Russia,CO2,424.368250357193,457.9876874884115,226.33233262318967,66.5170939881428
Equity,South Africa,CO2,122.71603301896118,132.10684955712375,117.16355875669575,29.49185383314181
Equity,South America_Northern,CO2,22.290023134957497,38.54136375826901,41.171329378001644,51.21498031200439
Equity,South America_Southern,CO2,106.6219310666295,111.864681625641,69.67674483500824,-18.19703846413395
Equity,South Asia,CO2,57.0093583788681,67.81351850902684,106.66133469833537,114.044900534577
Equity,South Korea,CO2,178.68431339572402,131.05200407259198,42.42619917283019,-30.41274472441803
Equity,Southeast Asia,CO2,482.319363510028,520.0681339945651,503.3515721717955,181.7479080826295
Equity,USA,CO2,1324.3614821487936,411.55200578830977,-799.180123556918,-1052.0046557903202
Ref,Africa_Eastern,CO2,130.6884899278904,182.9090621899619,208.608717727518,549.6774854370626
Ref,Africa_Northern,CO2,170.9259906116144,215.74265410690998,309.8698498573509,445.9665843520805
Ref,Africa_Southern,CO2,79.0145174638663,123.34568468009769,182.14366150176733,552.5306436040792
Ref,Africa_Western,CO2,208.96442194261851,402.3386639301875,531.150030623671,1406.418912016084
Ref,Argentina,CO2,76.1288842687916,83.1133546548067,83.9150256800551,81.16877611161847
Ref,Australia_NZ,CO2,120.57097220682857,146.6063530974192,163.87896882624648,182.08638242512328
Ref,Brazil,CO2,265.934074339321,303.92408034284904,272.9324491105076,238.94482542665762
Ref,Canada,CO2,175.54069096008385,267.66538230178,289.685439403425,217.70383994449625
Ref,Central America and Caribbean,CO2,72.5923743941266,86.154693019574,93.0253616470976,134.40281555976713
Ref,Central Asia,CO2,133.7177745173306,186.1923697896381,210.23233476095416,201.78100685628084
Ref,China,CO2,3691.5774769943196,4237.69448945036,3983.8936674527936,2142.4537173673098
Ref,Colombia,CO2,34.55784016353161,50.9181878741237,66.9099899850938,87.64433105270092
Ref,EU-12,CO2,191.39776875681295,207.4361804149909,228.68769295696907,180.15710846136452
Ref,EU-15,CO2,742.0566649139325,743.9557401340413,779.1016311533116,907.2672130208324
Ref,Europe_Eastern,CO2,79.22787479811736,101.8821916834411,120.3595083299916,96.2801611849585
Ref,Europe_Non_EU,CO2,131.37016335438244,156.6476080799222,186.89790676294558,200.7720774839221
Ref,European Free Trade Association,CO2,26.86863939636669,41.1408998883568,31.429741693316558,43.66976414248522
Ref,India,CO2,791.9550696282712,1257.88793563688,2103.333700091129,2630.9600179310255
Ref,Indonesia,CO2,238.5805700891371,299.092735213336,387.101186565315,406.26841754459963
Ref,Japan,CO2,305.6783525169516,295.24144279221565,272.8348133969822,179.77585560133207
Ref,Mexico,CO2,146.77405422604585,174.46598995917608,207.5832097014257,299.9651996095468
Ref,Middle East,CO2,585.9424353185777,653.0912136232463,787.3396969911938,1261.7315044731617
Ref,Pakistan,CO2,54.053414201615176,67.00179892984944,131.56728320575354,311.3083110620802
Ref,Russia,CO2,424.368268050334,561.0987522094849,669.3574847988531,597.5618221297514
Ref,South Africa,CO2,122.7160329088612,145.99727005122529,183.47332356814096,176.42987553452258
Ref,South America_Northern,CO2,22.2900232559565,44.61786409181191,59.362833564374604,74.13040705843105
Ref,South America_Southern,CO2,106.6219309968233,125.18776382106651,144.3864746656557,158.64741430553008
Ref,South Asia,CO2,57.009358500579204,75.74712288516139,126.61925728936197,371.6367075070507
Ref,South Korea,CO2,178.684444406804,169.50571081546198,158.087019531977,103.48366423601009
Ref,Southeast Asia,CO2,482.31926525560704,574.951923022406,694.2554628102564,934.2622827052206
Ref,USA,CO2,1324.3614927556712,1261.1369606136705,1432.8053887045148,1667.5130345333578
